-- --------------------------------------------------------
-- Host:                         127.0.0.1
-- Server version:               5.7.18-log - MySQL Community Server (GPL)
-- Server OS:                    Win64
-- HeidiSQL Version:             9.4.0.5125
-- --------------------------------------------------------

/*!40101 SET @OLD_CHARACTER_SET_CLIENT=@@CHARACTER_SET_CLIENT */;
/*!40101 SET NAMES utf8 */;
/*!50503 SET NAMES utf8mb4 */;
/*!40014 SET @OLD_FOREIGN_KEY_CHECKS=@@FOREIGN_KEY_CHECKS, FOREIGN_KEY_CHECKS=0 */;
/*!40101 SET @OLD_SQL_MODE=@@SQL_MODE, SQL_MODE='NO_AUTO_VALUE_ON_ZERO' */;


-- Dumping database structure for sozopol
CREATE DATABASE IF NOT EXISTS `sozopol` /*!40100 DEFAULT CHARACTER SET utf8 */;
USE `sozopol`;

-- Dumping structure for table sozopol.battles
CREATE TABLE IF NOT EXISTS `battles` (
  `id` int(11) NOT NULL AUTO_INCREMENT,
  `day` int(11) DEFAULT NULL,
  `team1` int(11) NOT NULL,
  `team2` int(11) NOT NULL,
  `points1` int(11) DEFAULT NULL,
  `points2` int(11) DEFAULT NULL,
  `judges` varchar(255) DEFAULT '[]',
  `challenges` varchar(1023) DEFAULT '[]',
  PRIMARY KEY (`id`),
  KEY `team1` (`team1`),
  KEY `team2` (`team2`),
  CONSTRAINT `battles_ibfk_1` FOREIGN KEY (`team1`) REFERENCES `teams` (`id`),
  CONSTRAINT `battles_ibfk_2` FOREIGN KEY (`team2`) REFERENCES `teams` (`id`)
) ENGINE=InnoDB AUTO_INCREMENT=105 DEFAULT CHARSET=utf8;

-- Dumping data for table sozopol.battles: ~26 rows (approximately)
/*!40000 ALTER TABLE `battles` DISABLE KEYS */;
INSERT INTO `battles` (`id`, `day`, `team1`, `team2`, `points1`, `points2`, `judges`, `challenges`) VALUES
	(1, 1, 1, 3, 33, 50, '["29","5","15"]', '[{"problem":6,"player1":4,"player2":13,"dir":0,"returned":0,"points1":4,"points2":8},{"problem":2,"player1":1,"player2":17,"dir":0,"returned":0,"points1":0,"points2":12},{"problem":5,"player1":6,"player2":13,"dir":0,"returned":0,"points1":5,"points2":3},{"problem":7,"player1":1,"player2":14,"dir":0,"returned":0,"points1":0,"points2":12},{"problem":1,"player1":5,"player2":16,"dir":0,"returned":0,"points1":12,"points2":0},{"problem":8,"player1":5,"player2":14,"dir":0,"returned":0,"points1":0,"points2":3},{"problem":3,"player1":2,"player2":18,"dir":0,"returned":0,"points1":12,"points2":0},{"problem":4,"player1":3,"player2":17,"dir":0,"returned":0,"points1":0,"points2":12}]'),
	(2, 1, 2, 4, 45, 33, '[]', '[{"problem":7,"player1":8,"player2":19,"dir":0,"returned":0,"points1":12,"points2":0},{"problem":6,"player1":12,"player2":19,"dir":0,"returned":0,"points1":7,"points2":4},{"problem":8,"player1":8,"player2":24,"dir":0,"returned":0,"points1":2,"points2":5},{"problem":5,"player1":7,"player2":21,"dir":0,"returned":0,"points1":0,"points2":0},{"problem":1,"player1":12,"player2":20,"dir":0,"returned":0,"points1":12,"points2":0},{"problem":2,"player1":10,"player2":23,"dir":0,"returned":0,"points1":0,"points2":12},{"problem":3,"player1":10,"player2":23,"dir":0,"returned":0,"points1":12,"points2":0},{"problem":4,"player1":11,"player2":20,"dir":0,"returned":0,"points1":0,"points2":12}]'),
	(3, 1, 5, 8, 50, 15, '[]', '[{"problem":1,"player1":25,"player2":47,"dir":0,"returned":0,"points1":12,"points2":0},{"problem":8,"player1":28,"player2":46,"dir":0,"returned":0,"points1":9,"points2":3},{"problem":5,"player1":30,"player2":48,"dir":0,"returned":0,"points1":12,"points2":0},{"problem":3,"player1":27,"player2":44,"dir":0,"returned":0,"points1":0,"points2":12},{"problem":7,"player1":30,"player2":46,"dir":0,"returned":0,"points1":6,"points2":0},{"problem":6,"player1":28,"player2":48,"dir":0,"returned":0,"points1":11,"points2":0},{"problem":2,"player1":26,"player2":43,"dir":0,"returned":0,"points1":0,"points2":0},{"problem":4,"player1":29,"player2":45,"dir":0,"returned":0,"points1":0,"points2":0}]'),
	(4, 1, 6, 9, 50, 10, '[]', '[{"problem":4,"player1":35,"player2":52,"dir":0,"returned":0,"points1":11,"points2":1},{"problem":5,"player1":36,"player2":49,"dir":0,"returned":0,"points1":6,"points2":0},{"problem":1,"player1":34,"player2":50,"dir":0,"returned":0,"points1":11,"points2":0},{"problem":2,"player1":33,"player2":53,"dir":0,"returned":0,"points1":0,"points2":9},{"problem":7,"player1":31,"player2":51,"dir":0,"returned":0,"points1":6,"points2":0},{"problem":3,"player1":35,"player2":54,"dir":0,"returned":0,"points1":12,"points2":0},{"problem":6,"player1":36,"player2":50,"dir":0,"returned":0,"points1":4,"points2":0},{"problem":8,"player1":31,"player2":49,"dir":0,"returned":0,"points1":0,"points2":0}]'),
	(5, 1, 7, 10, 21, 43, '[]', '[{"problem":3,"player1":39,"player2":57,"dir":0,"returned":0,"points1":0,"points2":11},{"problem":6,"player1":42,"player2":58,"dir":0,"returned":0,"points1":3,"points2":4},{"problem":1,"player1":40,"player2":59,"dir":0,"returned":0,"points1":0,"points2":12},{"problem":8,"player1":41,"player2":60,"dir":0,"returned":0,"points1":6,"points2":0},{"problem":5,"player1":39,"player2":55,"dir":0,"returned":0,"points1":0,"points2":4},{"problem":2,"player1":38,"player2":56,"dir":0,"returned":0,"points1":0,"points2":12},{"problem":4,"player1":38,"player2":55,"dir":0,"returned":0,"points1":12,"points2":0}]'),
	(6, 1, 11, 13, 54, 15, '[]', '[{"problem":6,"player1":63,"player2":76,"dir":0,"returned":0,"points1":6,"points2":3},{"problem":3,"player1":63,"player2":75,"dir":0,"returned":0,"points1":0,"points2":12},{"problem":1,"player1":61,"player2":77,"dir":0,"returned":0,"points1":12,"points2":0},{"problem":8,"player1":62,"player2":74,"dir":0,"returned":0,"points1":6,"points2":0},{"problem":7,"player1":61,"player2":74,"dir":0,"returned":0,"points1":12,"points2":0},{"problem":5,"player1":65,"player2":76,"dir":0,"returned":0,"points1":6,"points2":0},{"problem":2,"player1":62,"player2":73,"dir":0,"returned":0,"points1":12,"points2":0}]'),
	(7, 1, 12, 17, 35, 25, '[]', '[{"problem":3,"player1":67,"player2":93,"dir":0,"returned":0,"points1":0,"points2":12},{"problem":5,"player1":67,"player2":92,"dir":0,"returned":0,"points1":12,"points2":0},{"problem":1,"player1":70,"player2":94,"dir":0,"returned":0,"points1":6,"points2":0},{"problem":4,"player1":72,"player2":94,"dir":0,"returned":0,"points1":10,"points2":0},{"problem":2,"player1":71,"player2":93,"dir":0,"returned":0,"points1":1,"points2":11},{"problem":8,"player1":70,"player2":92,"dir":0,"returned":0,"points1":6,"points2":2}]'),
	(8, 1, 14, 19, 61, 23, '[]', '[{"problem":8,"player1":86,"player2":101,"dir":0,"returned":0,"points1":4,"points2":4},{"problem":5,"player1":86,"player2":104,"dir":0,"returned":0,"points1":5,"points2":2},{"problem":1,"player1":84,"player2":105,"dir":0,"returned":0,"points1":10,"points2":2},{"problem":6,"player1":84,"player2":103,"dir":0,"returned":0,"points1":8,"points2":2},{"problem":3,"player1":86,"player2":102,"dir":0,"returned":0,"points1":12,"points2":0},{"problem":7,"player1":84,"player2":105,"dir":0,"returned":0,"points1":12,"points2":0},{"problem":2,"player1":85,"player2":102,"dir":0,"returned":0,"points1":10,"points2":1},{"problem":4,"player1":85,"player2":103,"dir":0,"returned":0,"points1":0,"points2":12}]'),
	(9, 1, 15, 20, 75, 4, '[]', '[{"problem":5,"player1":81,"player2":108,"dir":0,"returned":0,"points1":5,"points2":2},{"problem":1,"player1":81,"player2":110,"dir":0,"returned":0,"points1":11,"points2":1},{"problem":6,"player1":78,"player2":111,"dir":0,"returned":0,"points1":11,"points2":1},{"problem":4,"player1":79,"player2":109,"dir":0,"returned":0,"points1":12,"points2":0},{"problem":7,"player1":80,"player2":109,"dir":0,"returned":0,"points1":12,"points2":0},{"problem":3,"player1":80,"player2":107,"dir":0,"returned":0,"points1":12,"points2":0},{"problem":8,"player1":79,"player2":107,"dir":0,"returned":0,"points1":0,"points2":0},{"problem":2,"player1":78,"player2":111,"dir":0,"returned":0,"points1":12,"points2":0}]'),
	(10, 1, 16, 21, 32, 34, '[]', '[{"problem":1,"player1":90,"player2":114,"dir":0,"returned":0,"points1":0,"points2":0},{"problem":3,"player1":89,"player2":115,"dir":0,"returned":0,"points1":10,"points2":2},{"problem":4,"player1":88,"player2":113,"dir":0,"returned":0,"points1":3,"points2":9},{"problem":2,"player1":87,"player2":116,"dir":0,"returned":0,"points1":0,"points2":12},{"problem":5,"player1":91,"player2":115,"dir":0,"returned":0,"points1":5,"points2":0},{"problem":6,"player1":87,"player2":116,"dir":0,"returned":0,"points1":12,"points2":0},{"problem":8,"player1":88,"player2":114,"dir":0,"returned":0,"points1":0,"points2":6},{"problem":7,"player1":91,"player2":113,"dir":0,"returned":0,"points1":2,"points2":5}]'),
	(11, 1, 18, 22, 18, 48, '[]', '[{"problem":1,"player1":97,"player2":121,"dir":0,"returned":0,"points1":2,"points2":5},{"problem":2,"player1":97,"player2":118,"dir":0,"returned":0,"points1":12,"points2":0},{"problem":3,"player1":99,"player2":123,"dir":0,"returned":0,"points1":0,"points2":12},{"problem":4,"player1":96,"player2":120,"dir":0,"returned":0,"points1":4,"points2":8},{"problem":5,"player1":97,"player2":122,"dir":0,"returned":0,"points1":0,"points2":12},{"problem":6,"player1":98,"player2":120,"dir":0,"returned":0,"points1":0,"points2":5},{"problem":7,"player1":98,"player2":119,"dir":0,"returned":0,"points1":0,"points2":6},{"problem":8,"player1":99,"player2":121,"dir":0,"returned":0,"points1":0,"points2":0}]'),
	(12, 1, 23, 32, 27, 40, '[]', '[{"problem":3,"player1":126,"player2":187,"dir":0,"returned":0,"points1":4,"points2":4},{"problem":2,"player1":124,"player2":181,"dir":0,"returned":0,"points1":9,"points2":0},{"problem":7,"player1":125,"player2":185,"dir":0,"returned":0,"points1":2,"points2":5},{"problem":8,"player1":128,"player2":186,"dir":0,"returned":0,"points1":9,"points2":3},{"problem":5,"player1":128,"player2":188,"dir":0,"returned":0,"points1":0,"points2":12},{"problem":6,"player1":129,"player2":188,"dir":0,"returned":0,"points1":2,"points2":5},{"problem":1,"player1":124,"player2":181,"dir":0,"returned":0,"points1":1,"points2":11}]'),
	(13, 1, 24, 33, 16, 37, '[]', '[{"problem":1,"player1":135,"player2":182,"dir":0,"returned":0,"points1":0,"points2":11},{"problem":6,"player1":133,"player2":179,"dir":0,"returned":0,"points1":2,"points2":5},{"problem":8,"player1":134,"player2":183,"dir":0,"returned":0,"points1":0,"points2":12},{"problem":3,"player1":132,"player2":184,"dir":0,"returned":0,"points1":1,"points2":5},{"problem":2,"player1":131,"player2":178,"dir":0,"returned":0,"points1":3,"points2":3},{"problem":7,"player1":135,"player2":180,"dir":0,"returned":0,"points1":10,"points2":1}]'),
	(14, 1, 25, 34, 39, 53, '[]', '[{"problem":4,"player1":138,"player2":189,"dir":0,"returned":0,"points1":0,"points2":12},{"problem":6,"player1":137,"player2":189,"dir":0,"returned":0,"points1":0,"points2":12},{"problem":7,"player1":139,"player2":194,"dir":0,"returned":0,"points1":6,"points2":3},{"problem":5,"player1":137,"player2":193,"dir":0,"returned":0,"points1":12,"points2":0},{"problem":1,"player1":141,"player2":194,"dir":0,"returned":0,"points1":12,"points2":0},{"problem":2,"player1":138,"player2":190,"dir":0,"returned":0,"points1":2,"points2":9},{"problem":3,"player1":136,"player2":192,"dir":0,"returned":0,"points1":7,"points2":5},{"problem":8,"player1":136,"player2":191,"dir":0,"returned":0,"points1":0,"points2":12}]'),
	(15, 1, 26, 35, 45, 30, '[]', '[{"problem":6,"player1":145,"player2":195,"dir":0,"returned":0,"points1":0,"points2":12},{"problem":2,"player1":146,"player2":197,"dir":0,"returned":0,"points1":0,"points2":12},{"problem":3,"player1":142,"player2":195,"dir":0,"returned":0,"points1":12,"points2":0},{"problem":5,"player1":142,"player2":196,"dir":0,"returned":0,"points1":12,"points2":0},{"problem":1,"player1":143,"player2":199,"dir":0,"returned":0,"points1":12,"points2":0},{"problem":8,"player1":144,"player2":198,"dir":0,"returned":0,"points1":0,"points2":5},{"problem":7,"player1":144,"player2":200,"dir":0,"returned":0,"points1":9,"points2":1}]'),
	(16, 1, 27, 36, 22, 41, '[]', '[{"problem":3,"player1":148,"player2":206,"dir":0,"returned":0,"points1":7,"points2":0},{"problem":2,"player1":150,"player2":201,"dir":0,"returned":0,"points1":2,"points2":8},{"problem":6,"player1":148,"player2":202,"dir":0,"returned":0,"points1":2,"points2":8},{"problem":7,"player1":152,"player2":205,"dir":0,"returned":0,"points1":0,"points2":12},{"problem":1,"player1":150,"player2":201,"dir":0,"returned":0,"points1":11,"points2":1},{"problem":8,"player1":151,"player2":204,"dir":0,"returned":0,"points1":0,"points2":12}]'),
	(17, 1, 28, 37, 80, 3, '[]', '[{"problem":5,"player1":154,"player2":212,"dir":0,"returned":0,"points1":12,"points2":0},{"problem":2,"player1":158,"player2":208,"dir":0,"returned":0,"points1":9,"points2":0},{"problem":6,"player1":159,"player2":207,"dir":0,"returned":0,"points1":12,"points2":0},{"problem":7,"player1":155,"player2":207,"dir":0,"returned":0,"points1":12,"points2":0},{"problem":3,"player1":159,"player2":210,"dir":0,"returned":0,"points1":11,"points2":1},{"problem":4,"player1":156,"player2":210,"dir":0,"returned":0,"points1":6,"points2":0},{"problem":1,"player1":158,"player2":212,"dir":0,"returned":0,"points1":12,"points2":0},{"problem":8,"player1":157,"player2":208,"dir":0,"returned":0,"points1":6,"points2":2}]'),
	(18, 1, 29, 38, 45, 30, '[]', '[{"problem":2,"player1":160,"player2":215,"dir":0,"returned":0,"points1":4,"points2":6},{"problem":5,"player1":163,"player2":214,"dir":0,"returned":0,"points1":12,"points2":0},{"problem":6,"player1":164,"player2":214,"dir":0,"returned":0,"points1":0,"points2":0},{"problem":1,"player1":162,"player2":213,"dir":0,"returned":0,"points1":11,"points2":0},{"problem":3,"player1":164,"player2":215,"dir":0,"returned":0,"points1":0,"points2":12},{"problem":4,"player1":165,"player2":214,"dir":0,"returned":0,"points1":6,"points2":0},{"problem":7,"player1":165,"player2":213,"dir":0,"returned":0,"points1":12,"points2":0},{"problem":8,"player1":161,"player2":213,"dir":0,"returned":0,"points1":0,"points2":12}]'),
	(19, 1, 30, 39, 64, 23, '[]', '[{"problem":4,"player1":168,"player2":222,"dir":0,"returned":0,"points1":6,"points2":3},{"problem":5,"player1":169,"player2":222,"dir":0,"returned":0,"points1":12,"points2":0},{"problem":6,"player1":168,"player2":224,"dir":0,"returned":0,"points1":12,"points2":0},{"problem":7,"player1":167,"player2":227,"dir":0,"returned":0,"points1":9,"points2":3},{"problem":2,"player1":171,"player2":223,"dir":0,"returned":0,"points1":6,"points2":0},{"problem":3,"player1":170,"player2":223,"dir":0,"returned":0,"points1":7,"points2":5},{"problem":8,"player1":166,"player2":226,"dir":0,"returned":0,"points1":12,"points2":0},{"problem":1,"player1":169,"player2":227,"dir":0,"returned":0,"points1":0,"points2":12}]'),
	(20, 1, 31, 40, 36, 43, '[]', '[{"problem":2,"player1":176,"player2":216,"dir":0,"returned":0,"points1":1,"points2":9},{"problem":6,"player1":173,"player2":221,"dir":0,"returned":0,"points1":0,"points2":12},{"problem":5,"player1":172,"player2":220,"dir":0,"returned":0,"points1":1,"points2":10},{"problem":7,"player1":173,"player2":217,"dir":0,"returned":0,"points1":12,"points2":0},{"problem":3,"player1":172,"player2":221,"dir":0,"returned":0,"points1":10,"points2":2},{"problem":8,"player1":175,"player2":218,"dir":0,"returned":0,"points1":12,"points2":0},{"problem":1,"player1":174,"player2":218,"dir":0,"returned":0,"points1":0,"points2":9},{"problem":4,"player1":175,"player2":219,"dir":0,"returned":0,"points1":0,"points2":1}]'),
	(21, 1, 41, 42, 6, 0, '[]', '[{"problem":1,"player1":228,"player2":235,"dir":0,"returned":0,"points1":1,"points2":0},{"problem":2,"player1":229,"player2":236,"dir":0,"returned":0,"points1":1,"points2":0},{"problem":3,"player1":230,"player2":237,"dir":0,"returned":0,"points1":1,"points2":0},{"problem":4,"player1":231,"player2":238,"dir":0,"returned":0,"points1":1,"points2":0},{"problem":5,"player1":232,"player2":239,"dir":0,"returned":0,"points1":1,"points2":0},{"problem":6,"player1":233,"player2":240,"dir":0,"returned":0,"points1":1,"points2":0}]'),
	(22, 1, 43, 48, 54, 15, '[]', '[{"problem":7,"player1":241,"player2":269,"dir":0,"returned":0,"points1":12,"points2":0},{"problem":4,"player1":242,"player2":273,"dir":0,"returned":0,"points1":11,"points2":1},{"problem":6,"player1":245,"player2":270,"dir":0,"returned":0,"points1":0,"points2":12},{"problem":1,"player1":243,"player2":273,"dir":0,"returned":0,"points1":5,"points2":2},{"problem":3,"player1":245,"player2":269,"dir":0,"returned":0,"points1":12,"points2":0},{"problem":8,"player1":241,"player2":272,"dir":0,"returned":0,"points1":2,"points2":0},{"problem":2,"player1":246,"player2":270,"dir":0,"returned":0,"points1":12,"points2":0}]'),
	(23, 1, 44, 49, 4, 61, '[]', '[{"problem":3,"player1":249,"player2":277,"dir":0,"returned":0,"points1":0,"points2":12},{"problem":6,"player1":251,"player2":279,"dir":0,"returned":0,"points1":0,"points2":12},{"problem":4,"player1":250,"player2":279,"dir":0,"returned":0,"points1":2,"points2":10},{"problem":1,"player1":249,"player2":280,"dir":0,"returned":0,"points1":0,"points2":10},{"problem":2,"player1":247,"player2":279,"dir":0,"returned":0,"points1":0,"points2":12},{"problem":7,"player1":251,"player2":280,"dir":0,"returned":0,"points1":2,"points2":5}]'),
	(24, 1, 45, 50, 27, 38, '[]', '[{"problem":1,"player1":253,"player2":283,"dir":0,"returned":0,"points1":3,"points2":6},{"problem":2,"player1":255,"player2":284,"dir":0,"returned":0,"points1":8,"points2":4},{"problem":3,"player1":256,"player2":285,"dir":0,"returned":0,"points1":12,"points2":0},{"problem":4,"player1":254,"player2":283,"dir":0,"returned":0,"points1":4,"points2":4},{"problem":6,"player1":256,"player2":281,"dir":0,"returned":0,"points1":0,"points2":12},{"problem":7,"player1":254,"player2":285,"dir":0,"returned":0,"points1":0,"points2":12}]'),
	(25, 1, 46, 52, 6, 0, '[]', '[{"problem":1,"player1":257,"player2":292,"dir":0,"returned":0,"points1":1,"points2":0},{"problem":2,"player1":258,"player2":293,"dir":0,"returned":0,"points1":1,"points2":0},{"problem":3,"player1":259,"player2":294,"dir":0,"returned":0,"points1":1,"points2":0},{"problem":4,"player1":260,"player2":295,"dir":0,"returned":0,"points1":1,"points2":0},{"problem":5,"player1":261,"player2":296,"dir":0,"returned":0,"points1":1,"points2":0},{"problem":6,"player1":262,"player2":297,"dir":0,"returned":0,"points1":1,"points2":0}]'),
	(26, 1, 47, 51, 23, 60, '[]', '[{"problem":4,"player1":263,"player2":289,"dir":0,"returned":0,"points1":0,"points2":12},{"problem":1,"player1":266,"player2":290,"dir":0,"returned":0,"points1":11,"points2":0},{"problem":6,"player1":263,"player2":288,"dir":0,"returned":0,"points1":0,"points2":12},{"problem":8,"player1":268,"player2":287,"dir":0,"returned":0,"points1":0,"points2":12},{"problem":7,"player1":264,"player2":287,"dir":0,"returned":0,"points1":0,"points2":12},{"problem":3,"player1":264,"player2":287,"dir":0,"returned":0,"points1":12,"points2":0},{"problem":2,"player1":265,"player2":288,"dir":0,"returned":0,"points1":0,"points2":12}]'),
	(27, 2, 15, 6, 41, 50, '[]', '[{"problem":4,"player1":81,"player2":36,"dir":0,"returned":0,"points1":0,"points2":10},{"problem":5,"player1":81,"player2":35,"dir":0,"returned":0,"points1":3,"points2":6},{"problem":6,"player1":80,"player2":31,"dir":0,"returned":0,"points1":12,"points2":0},{"problem":3,"player1":79,"player2":31,"dir":0,"returned":0,"points1":12,"points2":0},{"problem":8,"player1":81,"player2":34,"dir":0,"returned":0,"points1":2,"points2":10},{"problem":7,"player1":78,"player2":35,"dir":0,"returned":0,"points1":0,"points2":12},{"problem":2,"player1":80,"player2":36,"dir":0,"returned":0,"points1":12,"points2":0},{"problem":1,"player1":79,"player2":32,"dir":0,"returned":0,"points1":0,"points2":12}]'),
	(28, 2, 11, 14, 32, 57, '[]', '[{"problem":5,"player1":62,"player2":86,"dir":0,"returned":0,"points1":9,"points2":0},{"problem":3,"player1":62,"player2":84,"dir":0,"returned":0,"points1":0,"points2":12},{"problem":4,"player1":63,"player2":86,"dir":0,"returned":0,"points1":0,"points2":9},{"problem":6,"player1":61,"player2":85,"dir":0,"returned":0,"points1":0,"points2":12},{"problem":1,"player1":64,"player2":84,"dir":0,"returned":0,"points1":12,"points2":0},{"problem":2,"player1":63,"player2":83,"dir":0,"returned":0,"points1":1,"points2":10},{"problem":8,"player1":61,"player2":86,"dir":0,"returned":0,"points1":9,"points2":3},{"problem":7,"player1":65,"player2":85,"dir":0,"returned":0,"points1":1,"points2":11}]'),
	(29, 2, 5, 22, 51, 35, '[]', '[{"problem":3,"player1":28,"player2":121,"dir":0,"returned":0,"points1":11,"points2":0},{"problem":4,"player1":28,"player2":121,"dir":0,"returned":0,"points1":12,"points2":0},{"problem":8,"player1":25,"player2":119,"dir":0,"returned":0,"points1":0,"points2":9},{"problem":5,"player1":30,"player2":120,"dir":0,"returned":0,"points1":4,"points2":2},{"problem":6,"player1":30,"player2":118,"dir":0,"returned":0,"points1":0,"points2":12},{"problem":2,"player1":29,"player2":123,"dir":0,"returned":0,"points1":12,"points2":0},{"problem":7,"player1":27,"player2":120,"dir":0,"returned":0,"points1":0,"points2":12},{"problem":1,"player1":26,"player2":122,"dir":0,"returned":0,"points1":12,"points2":0}]'),
	(30, 2, 10, 3, 40, 44, '[]', '[{"problem":3,"player1":56,"player2":13,"dir":0,"returned":0,"points1":4,"points2":8},{"problem":5,"player1":60,"player2":14,"dir":0,"returned":0,"points1":0,"points2":12},{"problem":8,"player1":55,"player2":13,"dir":0,"returned":0,"points1":12,"points2":0},{"problem":6,"player1":59,"player2":15,"dir":0,"returned":0,"points1":0,"points2":12},{"problem":2,"player1":58,"player2":17,"dir":0,"returned":0,"points1":12,"points2":0},{"problem":1,"player1":57,"player2":18,"dir":0,"returned":0,"points1":0,"points2":12},{"problem":7,"player1":55,"player2":17,"dir":0,"returned":0,"points1":12,"points2":0},{"problem":4,"player1":56,"player2":14,"dir":0,"returned":0,"points1":0,"points2":0}]'),
	(31, 2, 2, 12, 72, 20, '[]', '[{"problem":4,"player1":12,"player2":70,"dir":0,"returned":0,"points1":10,"points2":0},{"problem":5,"player1":10,"player2":70,"dir":0,"returned":0,"points1":10,"points2":0},{"problem":3,"player1":12,"player2":71,"dir":0,"returned":0,"points1":9,"points2":3},{"problem":6,"player1":7,"player2":69,"dir":0,"returned":0,"points1":12,"points2":0},{"problem":8,"player1":8,"player2":68,"dir":0,"returned":0,"points1":7,"points2":5},{"problem":2,"player1":7,"player2":67,"dir":0,"returned":0,"points1":12,"points2":0},{"problem":7,"player1":11,"player2":72,"dir":0,"returned":0,"points1":0,"points2":12},{"problem":1,"player1":9,"player2":67,"dir":0,"returned":0,"points1":12,"points2":0}]'),
	(32, 2, 21, 17, 38, 28, '[]', '[{"problem":2,"player1":114,"player2":94,"dir":0,"returned":0,"points1":8,"points2":0},{"problem":3,"player1":113,"player2":93,"dir":0,"returned":0,"points1":4,"points2":4},{"problem":5,"player1":112,"player2":95,"dir":0,"returned":0,"points1":6,"points2":0},{"problem":8,"player1":114,"player2":93,"dir":0,"returned":0,"points1":8,"points2":0},{"problem":4,"player1":112,"player2":92,"dir":0,"returned":0,"points1":0,"points2":6},{"problem":6,"player1":115,"player2":94,"dir":0,"returned":0,"points1":0,"points2":6},{"problem":7,"player1":116,"player2":92,"dir":0,"returned":0,"points1":0,"points2":12},{"problem":1,"player1":115,"player2":93,"dir":0,"returned":0,"points1":12,"points2":0}]'),
	(33, 2, 16, 4, 16, 80, '[]', '[{"problem":5,"player1":89,"player2":23,"dir":0,"returned":0,"points1":4,"points2":8},{"problem":2,"player1":90,"player2":21,"dir":0,"returned":0,"points1":0,"points2":12},{"problem":3,"player1":87,"player2":20,"dir":0,"returned":0,"points1":0,"points2":12},{"problem":8,"player1":91,"player2":19,"dir":0,"returned":0,"points1":0,"points2":12},{"problem":4,"player1":91,"player2":19,"dir":0,"returned":0,"points1":0,"points2":12},{"problem":6,"player1":87,"player2":22,"dir":0,"returned":0,"points1":0,"points2":12},{"problem":7,"player1":88,"player2":20,"dir":0,"returned":0,"points1":12,"points2":0},{"problem":1,"player1":88,"player2":24,"dir":0,"returned":0,"points1":0,"points2":12}]'),
	(34, 2, 1, 7, 61, 24, '[]', '[{"problem":4,"player1":4,"player2":38,"dir":0,"returned":0,"points1":12,"points2":0},{"problem":5,"player1":6,"player2":42,"dir":0,"returned":0,"points1":4,"points2":8},{"problem":3,"player1":1,"player2":37,"dir":0,"returned":0,"points1":1,"points2":0},{"problem":2,"player1":2,"player2":40,"dir":0,"returned":0,"points1":11,"points2":1},{"problem":8,"player1":3,"player2":41,"dir":0,"returned":0,"points1":9,"points2":3},{"problem":6,"player1":4,"player2":40,"dir":0,"returned":0,"points1":12,"points2":0},{"problem":7,"player1":3,"player2":38,"dir":0,"returned":0,"points1":0,"points2":12},{"problem":1,"player1":6,"player2":39,"dir":0,"returned":0,"points1":12,"points2":0}]'),
	(35, 2, 18, 8, 40, 21, '[]', '[{"problem":2,"player1":96,"player2":48,"dir":0,"returned":0,"points1":0,"points2":12},{"problem":5,"player1":97,"player2":46,"dir":0,"returned":0,"points1":0,"points2":6},{"problem":7,"player1":98,"player2":43,"dir":0,"returned":0,"points1":8,"points2":2},{"problem":8,"player1":97,"player2":44,"dir":0,"returned":0,"points1":10,"points2":1},{"problem":3,"player1":99,"player2":47,"dir":0,"returned":0,"points1":0,"points2":0},{"problem":4,"player1":96,"player2":45,"dir":0,"returned":0,"points1":6,"points2":0},{"problem":6,"player1":98,"player2":44,"dir":0,"returned":0,"points1":6,"points2":0},{"problem":1,"player1":99,"player2":47,"dir":0,"returned":0,"points1":10,"points2":0}]'),
	(36, 2, 19, 13, 33, 48, '[]', '[{"problem":1,"player1":101,"player2":74,"dir":0,"returned":0,"points1":12,"points2":0},{"problem":2,"player1":102,"player2":73,"dir":0,"returned":0,"points1":12,"points2":0},{"problem":3,"player1":105,"player2":73,"dir":0,"returned":0,"points1":3,"points2":9},{"problem":4,"player1":100,"player2":76,"dir":0,"returned":0,"points1":0,"points2":2},{"problem":5,"player1":102,"player2":76,"dir":0,"returned":0,"points1":2,"points2":8},{"problem":6,"player1":100,"player2":77,"dir":0,"returned":0,"points1":2,"points2":10},{"problem":7,"player1":104,"player2":75,"dir":0,"returned":0,"points1":0,"points2":12},{"problem":8,"player1":103,"player2":77,"dir":0,"returned":0,"points1":2,"points2":7}]'),
	(37, 2, 9, 20, 13, 63, '[]', '[{"problem":4,"player1":53,"player2":110,"dir":0,"returned":0,"points1":0,"points2":7},{"problem":5,"player1":50,"player2":107,"dir":0,"returned":0,"points1":1,"points2":4},{"problem":3,"player1":54,"player2":111,"dir":0,"returned":0,"points1":2,"points2":2},{"problem":6,"player1":49,"player2":111,"dir":0,"returned":0,"points1":0,"points2":12},{"problem":8,"player1":49,"player2":109,"dir":0,"returned":0,"points1":2,"points2":10},{"problem":2,"player1":51,"player2":108,"dir":0,"returned":0,"points1":0,"points2":12},{"problem":7,"player1":52,"player2":110,"dir":0,"returned":0,"points1":8,"points2":4},{"problem":1,"player1":52,"player2":109,"dir":0,"returned":0,"points1":0,"points2":12}]'),
	(38, 2, 28, 33, 71, 22, '[]', '[{"problem":7,"player1":154,"player2":179,"dir":0,"returned":0,"points1":12,"points2":0},{"problem":2,"player1":157,"player2":184,"dir":0,"returned":0,"points1":11,"points2":0},{"problem":5,"player1":157,"player2":183,"dir":0,"returned":0,"points1":12,"points2":0},{"problem":3,"player1":159,"player2":184,"dir":0,"returned":0,"points1":12,"points2":0},{"problem":6,"player1":155,"player2":182,"dir":0,"returned":0,"points1":0,"points2":10},{"problem":1,"player1":158,"player2":178,"dir":0,"returned":0,"points1":12,"points2":0},{"problem":8,"player1":158,"player2":183,"dir":0,"returned":0,"points1":0,"points2":12},{"problem":4,"player1":156,"player2":180,"dir":0,"returned":0,"points1":12,"points2":0}]'),
	(39, 2, 30, 36, 77, 17, '[]', '[{"problem":6,"player1":170,"player2":202,"dir":0,"returned":0,"points1":2,"points2":10},{"problem":7,"player1":168,"player2":205,"dir":0,"returned":0,"points1":10,"points2":1},{"problem":3,"player1":169,"player2":205,"dir":0,"returned":0,"points1":12,"points2":0},{"problem":2,"player1":169,"player2":206,"dir":0,"returned":0,"points1":12,"points2":0},{"problem":5,"player1":171,"player2":206,"dir":0,"returned":0,"points1":11,"points2":0},{"problem":8,"player1":167,"player2":202,"dir":0,"returned":0,"points1":12,"points2":0},{"problem":1,"player1":166,"player2":204,"dir":0,"returned":0,"points1":6,"points2":6},{"problem":4,"player1":171,"player2":201,"dir":0,"returned":0,"points1":12,"points2":0}]'),
	(40, 2, 26, 34, 42, 44, '[]', '[{"problem":7,"player1":142,"player2":192,"dir":0,"returned":0,"points1":8,"points2":2},{"problem":3,"player1":144,"player2":193,"dir":0,"returned":0,"points1":0,"points2":12},{"problem":4,"player1":145,"player2":189,"dir":0,"returned":0,"points1":11,"points2":0},{"problem":5,"player1":146,"player2":189,"dir":0,"returned":0,"points1":2,"points2":4},{"problem":6,"player1":144,"player2":192,"dir":0,"returned":0,"points1":0,"points2":11},{"problem":2,"player1":143,"player2":193,"dir":0,"returned":0,"points1":9,"points2":3},{"problem":1,"player1":146,"player2":194,"dir":0,"returned":0,"points1":0,"points2":12},{"problem":8,"player1":147,"player2":191,"dir":0,"returned":0,"points1":12,"points2":0}]'),
	(41, 2, 29, 32, 59, 22, '[]', '[{"problem":6,"player1":164,"player2":187,"dir":0,"returned":0,"points1":1,"points2":9},{"problem":7,"player1":162,"player2":188,"dir":0,"returned":0,"points1":11,"points2":1},{"problem":3,"player1":164,"player2":188,"dir":0,"returned":0,"points1":9,"points2":0},{"problem":8,"player1":160,"player2":185,"dir":0,"returned":0,"points1":12,"points2":0},{"problem":2,"player1":161,"player2":187,"dir":0,"returned":0,"points1":12,"points2":0},{"problem":1,"player1":165,"player2":181,"dir":0,"returned":0,"points1":8,"points2":0},{"problem":4,"player1":163,"player2":186,"dir":0,"returned":0,"points1":0,"points2":12},{"problem":5,"player1":160,"player2":185,"dir":0,"returned":0,"points1":6,"points2":0}]'),
	(42, 2, 40, 41, 63, 31, '[]', '[{"problem":5,"player1":218,"player2":229,"dir":0,"returned":0,"points1":4,"points2":7},{"problem":3,"player1":219,"player2":231,"dir":0,"returned":0,"points1":12,"points2":0},{"problem":2,"player1":216,"player2":228,"dir":0,"returned":0,"points1":11,"points2":0},{"problem":7,"player1":221,"player2":228,"dir":0,"returned":0,"points1":12,"points2":0},{"problem":4,"player1":219,"player2":232,"dir":0,"returned":0,"points1":12,"points2":0},{"problem":6,"player1":216,"player2":230,"dir":0,"returned":0,"points1":0,"points2":12},{"problem":8,"player1":217,"player2":230,"dir":0,"returned":0,"points1":12,"points2":0},{"problem":1,"player1":218,"player2":232,"dir":0,"returned":0,"points1":0,"points2":12}]'),
	(43, 2, 42, 31, 0, 6, '[]', '[{"problem":1,"player1":235,"player2":172,"dir":0,"returned":0,"points1":0,"points2":1},{"problem":2,"player1":236,"player2":173,"dir":0,"returned":0,"points1":0,"points2":1},{"problem":3,"player1":237,"player2":174,"dir":0,"returned":0,"points1":0,"points2":1},{"problem":4,"player1":238,"player2":175,"dir":0,"returned":0,"points1":0,"points2":1},{"problem":5,"player1":239,"player2":176,"dir":0,"returned":0,"points1":0,"points2":1},{"problem":6,"player1":240,"player2":177,"dir":0,"returned":0,"points1":0,"points2":1}]'),
	(44, 2, 23, 35, 39, 48, '[]', '[{"problem":7,"player1":126,"player2":195,"dir":0,"returned":0,"points1":2,"points2":8},{"problem":5,"player1":125,"player2":195,"dir":0,"returned":0,"points1":2,"points2":5},{"problem":2,"player1":124,"player2":198,"dir":0,"returned":0,"points1":1,"points2":11},{"problem":3,"player1":128,"player2":196,"dir":0,"returned":0,"points1":12,"points2":0},{"problem":1,"player1":124,"player2":197,"dir":0,"returned":0,"points1":0,"points2":12},{"problem":6,"player1":125,"player2":200,"dir":0,"returned":0,"points1":10,"points2":0},{"problem":8,"player1":127,"player2":199,"dir":0,"returned":0,"points1":0,"points2":12},{"problem":4,"player1":129,"player2":196,"dir":0,"returned":0,"points1":12,"points2":0}]'),
	(45, 2, 25, 38, 61, 35, '[]', '[{"problem":5,"player1":136,"player2":213,"dir":0,"returned":0,"points1":1,"points2":11},{"problem":8,"player1":140,"player2":215,"dir":0,"returned":0,"points1":12,"points2":0},{"problem":7,"player1":137,"player2":215,"dir":0,"returned":0,"points1":12,"points2":0},{"problem":6,"player1":141,"player2":213,"dir":0,"returned":0,"points1":12,"points2":0},{"problem":4,"player1":137,"player2":214,"dir":0,"returned":0,"points1":0,"points2":12},{"problem":1,"player1":138,"player2":214,"dir":0,"returned":0,"points1":12,"points2":0},{"problem":3,"player1":136,"player2":215,"dir":0,"returned":0,"points1":0,"points2":12},{"problem":2,"player1":141,"player2":213,"dir":0,"returned":0,"points1":12,"points2":0}]'),
	(46, 2, 27, 39, 33, 46, '[]', '[{"problem":7,"player1":150,"player2":223,"dir":0,"returned":0,"points1":5,"points2":5},{"problem":8,"player1":153,"player2":222,"dir":0,"returned":0,"points1":0,"points2":12},{"problem":4,"player1":148,"player2":225,"dir":0,"returned":0,"points1":12,"points2":0},{"problem":5,"player1":149,"player2":226,"dir":0,"returned":0,"points1":0,"points2":2},{"problem":2,"player1":152,"player2":226,"dir":0,"returned":0,"points1":7,"points2":0},{"problem":6,"player1":153,"player2":223,"dir":0,"returned":0,"points1":0,"points2":12},{"problem":1,"player1":151,"player2":227,"dir":0,"returned":0,"points1":9,"points2":3},{"problem":3,"player1":148,"player2":222,"dir":0,"returned":0,"points1":0,"points2":12}]'),
	(47, 2, 24, 37, 32, 29, '[]', '[{"problem":7,"player1":134,"player2":208,"dir":0,"returned":0,"points1":3,"points2":0},{"problem":5,"player1":132,"player2":209,"dir":0,"returned":0,"points1":0,"points2":8},{"problem":6,"player1":132,"player2":211,"dir":0,"returned":0,"points1":1,"points2":8},{"problem":8,"player1":135,"player2":211,"dir":0,"returned":0,"points1":8,"points2":1},{"problem":2,"player1":134,"player2":212,"dir":0,"returned":0,"points1":8,"points2":0},{"problem":1,"player1":135,"player2":210,"dir":0,"returned":0,"points1":12,"points2":0},{"problem":4,"player1":130,"player2":207,"dir":0,"returned":0,"points1":0,"points2":12}]'),
	(48, 2, 49, 43, 52, 27, '[]', '[{"problem":8,"player1":275,"player2":246,"dir":0,"returned":0,"points1":0,"points2":12},{"problem":2,"player1":277,"player2":245,"dir":0,"returned":0,"points1":4,"points2":3},{"problem":3,"player1":279,"player2":241,"dir":0,"returned":0,"points1":12,"points2":0},{"problem":4,"player1":275,"player2":241,"dir":0,"returned":0,"points1":12,"points2":0},{"problem":5,"player1":279,"player2":246,"dir":0,"returned":0,"points1":12,"points2":0},{"problem":1,"player1":280,"player2":242,"dir":0,"returned":0,"points1":0,"points2":12},{"problem":7,"player1":279,"player2":243,"dir":0,"returned":0,"points1":12,"points2":0}]'),
	(49, 2, 51, 50, 78, 15, '[]', '[{"problem":2,"player1":287,"player2":283,"dir":0,"returned":0,"points1":8,"points2":3},{"problem":4,"player1":287,"player2":285,"dir":0,"returned":0,"points1":12,"points2":0},{"problem":6,"player1":287,"player2":281,"dir":0,"returned":0,"points1":11,"points2":0},{"problem":5,"player1":288,"player2":284,"dir":0,"returned":0,"points1":12,"points2":0},{"problem":3,"player1":290,"player2":286,"dir":0,"returned":0,"points1":11,"points2":0},{"problem":8,"player1":288,"player2":283,"dir":0,"returned":0,"points1":12,"points2":0},{"problem":1,"player1":288,"player2":282,"dir":0,"returned":0,"points1":0,"points2":12},{"problem":7,"player1":289,"player2":284,"dir":0,"returned":0,"points1":12,"points2":0}]'),
	(50, 2, 46, 47, 2, 70, '[]', '[{"problem":3,"player1":257,"player2":266,"dir":0,"returned":0,"points1":0,"points2":1},{"problem":8,"player1":262,"player2":265,"dir":0,"returned":0,"points1":0,"points2":12},{"problem":4,"player1":260,"player2":268,"dir":0,"returned":0,"points1":0,"points2":12},{"problem":2,"player1":261,"player2":263,"dir":0,"returned":0,"points1":2,"points2":9},{"problem":1,"player1":261,"player2":264,"dir":0,"returned":0,"points1":0,"points2":12},{"problem":5,"player1":260,"player2":266,"dir":0,"returned":0,"points1":0,"points2":12},{"problem":7,"player1":259,"player2":268,"dir":0,"returned":0,"points1":0,"points2":12}]'),
	(51, 2, 52, 44, 0, 5, '[]', '[{"problem":1,"player1":292,"player2":247,"dir":0,"returned":0,"points1":0,"points2":1},{"problem":2,"player1":293,"player2":248,"dir":0,"returned":0,"points1":0,"points2":1},{"problem":3,"player1":294,"player2":249,"dir":0,"returned":0,"points1":0,"points2":1},{"problem":4,"player1":295,"player2":250,"dir":0,"returned":0,"points1":0,"points2":1},{"problem":5,"player1":296,"player2":251,"dir":0,"returned":0,"points1":0,"points2":1}]'),
	(52, 2, 45, 48, 6, 74, '[]', '[{"problem":1,"player1":254,"player2":274,"dir":0,"returned":0,"points1":0,"points2":12},{"problem":2,"player1":256,"player2":274,"dir":0,"returned":0,"points1":0,"points2":12},{"problem":3,"player1":252,"player2":270,"dir":0,"returned":0,"points1":0,"points2":12},{"problem":4,"player1":256,"player2":271,"dir":0,"returned":0,"points1":6,"points2":4},{"problem":5,"player1":255,"player2":269,"dir":0,"returned":0,"points1":0,"points2":12},{"problem":7,"player1":252,"player2":269,"dir":0,"returned":0,"points1":0,"points2":10},{"problem":8,"player1":255,"player2":273,"dir":0,"returned":0,"points1":0,"points2":12}]'),
	(53, 3, 2, 14, 37, 47, '[]', '[{"problem":5,"player1":10,"player2":85,"dir":0,"returned":0,"points1":0,"points2":8},{"problem":8,"player1":12,"player2":86,"dir":0,"returned":0,"points1":12,"points2":0},{"problem":7,"player1":8,"player2":85,"dir":0,"returned":0,"points1":0,"points2":12},{"problem":2,"player1":11,"player2":86,"dir":0,"returned":0,"points1":12,"points2":0},{"problem":3,"player1":7,"player2":84,"dir":0,"returned":0,"points1":0,"points2":12},{"problem":6,"player1":8,"player2":85,"dir":0,"returned":0,"points1":1,"points2":3},{"problem":1,"player1":9,"player2":86,"dir":0,"returned":0,"points1":12,"points2":0},{"problem":4,"player1":12,"player2":84,"dir":0,"returned":0,"points1":0,"points2":12}]'),
	(54, 3, 5, 3, 25, 52, '[]', '[{"problem":6,"player1":28,"player2":13,"dir":0,"returned":0,"points1":0,"points2":11},{"problem":1,"player1":27,"player2":15,"dir":0,"returned":0,"points1":0,"points2":12},{"problem":4,"player1":26,"player2":17,"dir":0,"returned":0,"points1":6,"points2":0},{"problem":3,"player1":30,"player2":17,"dir":0,"returned":0,"points1":5,"points2":7},{"problem":7,"player1":30,"player2":14,"dir":0,"returned":0,"points1":2,"points2":0},{"problem":5,"player1":29,"player2":13,"dir":0,"returned":0,"points1":0,"points2":12},{"problem":2,"player1":26,"player2":16,"dir":0,"returned":0,"points1":12,"points2":0},{"problem":8,"player1":25,"player2":14,"dir":0,"returned":0,"points1":0,"points2":10}]'),
	(55, 3, 6, 21, 51, 17, '[]', '[{"problem":4,"player1":36,"player2":112,"dir":0,"returned":0,"points1":6,"points2":0},{"problem":8,"player1":35,"player2":114,"dir":0,"returned":0,"points1":12,"points2":0},{"problem":1,"player1":32,"player2":114,"dir":0,"returned":0,"points1":7,"points2":1},{"problem":5,"player1":35,"player2":116,"dir":0,"returned":0,"points1":0,"points2":12},{"problem":3,"player1":34,"player2":113,"dir":0,"returned":0,"points1":5,"points2":2},{"problem":7,"player1":36,"player2":117,"dir":0,"returned":0,"points1":9,"points2":0},{"problem":2,"player1":31,"player2":115,"dir":0,"returned":0,"points1":12,"points2":2}]'),
	(56, 3, 15, 4, 49, 44, '[]', '[{"problem":8,"player1":81,"player2":19,"dir":0,"returned":0,"points1":4,"points2":5},{"problem":7,"player1":80,"player2":23,"dir":0,"returned":0,"points1":12,"points2":0},{"problem":3,"player1":78,"player2":20,"dir":0,"returned":0,"points1":0,"points2":12},{"problem":4,"player1":79,"player2":22,"dir":0,"returned":0,"points1":10,"points2":2},{"problem":6,"player1":80,"player2":20,"dir":0,"returned":0,"points1":0,"points2":12},{"problem":5,"player1":78,"player2":19,"dir":0,"returned":0,"points1":12,"points2":0},{"problem":1,"player1":79,"player2":23,"dir":0,"returned":0,"points1":0,"points2":12},{"problem":2,"player1":78,"player2":21,"dir":0,"returned":0,"points1":11,"points2":1}]'),
	(57, 3, 1, 10, 52, 36, '[]', '[{"problem":6,"player1":4,"player2":55,"dir":0,"returned":0,"points1":0,"points2":12},{"problem":4,"player1":4,"player2":56,"dir":0,"returned":0,"points1":7,"points2":0},{"problem":8,"player1":1,"player2":60,"dir":0,"returned":0,"points1":9,"points2":0},{"problem":7,"player1":3,"player2":60,"dir":0,"returned":0,"points1":12,"points2":0},{"problem":5,"player1":1,"player2":58,"dir":0,"returned":0,"points1":1,"points2":12},{"problem":3,"player1":3,"player2":56,"dir":0,"returned":0,"points1":11,"points2":0},{"problem":2,"player1":6,"player2":59,"dir":0,"returned":0,"points1":0,"points2":12},{"problem":1,"player1":2,"player2":59,"dir":0,"returned":0,"points1":12,"points2":0}]'),
	(58, 3, 11, 22, 54, 18, '[]', '[{"problem":8,"player1":65,"player2":121,"dir":0,"returned":0,"points1":3,"points2":3},{"problem":4,"player1":62,"player2":120,"dir":0,"returned":0,"points1":12,"points2":0},{"problem":6,"player1":61,"player2":122,"dir":0,"returned":0,"points1":2,"points2":5},{"problem":7,"player1":63,"player2":119,"dir":0,"returned":0,"points1":9,"points2":1},{"problem":2,"player1":66,"player2":122,"dir":0,"returned":0,"points1":10,"points2":1},{"problem":5,"player1":62,"player2":120,"dir":0,"returned":0,"points1":0,"points2":8},{"problem":3,"player1":61,"player2":121,"dir":0,"returned":0,"points1":6,"points2":0},{"problem":1,"player1":64,"player2":119,"dir":0,"returned":0,"points1":12,"points2":0}]'),
	(59, 3, 18, 20, 20, 52, '[]', '[{"problem":6,"player1":96,"player2":109,"dir":0,"returned":0,"points1":1,"points2":1},{"problem":2,"player1":99,"player2":110,"dir":0,"returned":0,"points1":0,"points2":10},{"problem":8,"player1":97,"player2":110,"dir":0,"returned":0,"points1":0,"points2":12},{"problem":7,"player1":98,"player2":107,"dir":0,"returned":0,"points1":6,"points2":6},{"problem":3,"player1":98,"player2":111,"dir":0,"returned":0,"points1":1,"points2":11},{"problem":4,"player1":97,"player2":111,"dir":0,"returned":0,"points1":0,"points2":0},{"problem":5,"player1":99,"player2":108,"dir":0,"returned":0,"points1":0,"points2":12},{"problem":1,"player1":97,"player2":107,"dir":0,"returned":0,"points1":12,"points2":0}]'),
	(60, 3, 13, 12, 16, 38, '[]', '[{"problem":4,"player1":76,"player2":70,"dir":0,"returned":0,"points1":0,"points2":6},{"problem":5,"player1":73,"player2":69,"dir":0,"returned":0,"points1":0,"points2":0},{"problem":7,"player1":76,"player2":68,"dir":0,"returned":0,"points1":2,"points2":0},{"problem":6,"player1":75,"player2":68,"dir":0,"returned":0,"points1":0,"points2":6},{"problem":3,"player1":73,"player2":71,"dir":0,"returned":0,"points1":0,"points2":6},{"problem":2,"player1":77,"player2":71,"dir":0,"returned":0,"points1":0,"points2":12},{"problem":8,"player1":74,"player2":70,"dir":0,"returned":0,"points1":12,"points2":0},{"problem":1,"player1":75,"player2":67,"dir":0,"returned":0,"points1":2,"points2":8}]'),
	(61, 3, 16, 19, 33, 26, '[]', '[{"problem":7,"player1":91,"player2":105,"dir":0,"returned":0,"points1":0,"points2":6},{"problem":8,"player1":88,"player2":102,"dir":0,"returned":0,"points1":2,"points2":7},{"problem":4,"player1":87,"player2":105,"dir":0,"returned":0,"points1":6,"points2":0},{"problem":6,"player1":87,"player2":103,"dir":0,"returned":0,"points1":0,"points2":6},{"problem":2,"player1":89,"player2":101,"dir":0,"returned":0,"points1":0,"points2":6},{"problem":1,"player1":90,"player2":102,"dir":0,"returned":0,"points1":11,"points2":1},{"problem":5,"player1":87,"player2":104,"dir":0,"returned":0,"points1":8,"points2":0},{"problem":3,"player1":88,"player2":103,"dir":0,"returned":0,"points1":6,"points2":0}]'),
	(62, 3, 17, 8, 19, 33, '[]', '[{"problem":8,"player1":92,"player2":48,"dir":0,"returned":0,"points1":0,"points2":12},{"problem":5,"player1":93,"player2":45,"dir":0,"returned":0,"points1":3,"points2":7},{"problem":2,"player1":92,"player2":44,"dir":0,"returned":0,"points1":0,"points2":12},{"problem":4,"player1":94,"player2":46,"dir":0,"returned":0,"points1":0,"points2":0},{"problem":1,"player1":94,"player2":48,"dir":0,"returned":0,"points1":11,"points2":0},{"problem":3,"player1":93,"player2":46,"dir":0,"returned":0,"points1":5,"points2":0},{"problem":7,"player1":94,"player2":44,"dir":0,"returned":0,"points1":0,"points2":2}]'),
	(63, 3, 7, 9, 43, 22, '[]', '[{"problem":7,"player1":41,"player2":49,"dir":0,"returned":0,"points1":2,"points2":4},{"problem":5,"player1":40,"player2":50,"dir":0,"returned":0,"points1":12,"points2":0},{"problem":6,"player1":41,"player2":52,"dir":0,"returned":0,"points1":0,"points2":6},{"problem":2,"player1":39,"player2":50,"dir":0,"returned":0,"points1":4,"points2":8},{"problem":8,"player1":38,"player2":54,"dir":0,"returned":0,"points1":8,"points2":2},{"problem":1,"player1":39,"player2":53,"dir":0,"returned":0,"points1":11,"points2":1},{"problem":3,"player1":40,"player2":49,"dir":0,"returned":0,"points1":6,"points2":0},{"problem":4,"player1":37,"player2":51,"dir":0,"returned":0,"points1":0,"points2":1}]'),
	(64, 3, 28, 30, 44, 50, '[]', '[{"problem":8,"player1":157,"player2":169,"dir":0,"returned":0,"points1":8,"points2":2},{"problem":6,"player1":154,"player2":170,"dir":0,"returned":0,"points1":0,"points2":12},{"problem":7,"player1":154,"player2":167,"dir":0,"returned":0,"points1":12,"points2":0},{"problem":3,"player1":157,"player2":171,"dir":0,"returned":0,"points1":0,"points2":12},{"problem":4,"player1":159,"player2":166,"dir":0,"returned":0,"points1":12,"points2":0},{"problem":1,"player1":159,"player2":168,"dir":0,"returned":0,"points1":0,"points2":12},{"problem":2,"player1":156,"player2":166,"dir":0,"returned":0,"points1":12,"points2":0},{"problem":5,"player1":158,"player2":169,"dir":0,"returned":0,"points1":0,"points2":12}]'),
	(65, 3, 29, 40, 42, 45, '[]', '[{"problem":7,"player1":162,"player2":221,"dir":0,"returned":0,"points1":1,"points2":7},{"problem":1,"player1":163,"player2":219,"dir":0,"returned":0,"points1":0,"points2":12},{"problem":8,"player1":164,"player2":220,"dir":0,"returned":0,"points1":5,"points2":2},{"problem":6,"player1":162,"player2":218,"dir":0,"returned":0,"points1":0,"points2":12},{"problem":3,"player1":161,"player2":218,"dir":0,"returned":0,"points1":12,"points2":0},{"problem":2,"player1":163,"player2":219,"dir":0,"returned":0,"points1":12,"points2":0},{"problem":4,"player1":165,"player2":220,"dir":0,"returned":0,"points1":0,"points2":12},{"problem":5,"player1":165,"player2":217,"dir":0,"returned":0,"points1":12,"points2":0}]'),
	(66, 3, 34, 31, 59, 29, '[]', '[{"problem":1,"player1":191,"player2":172,"dir":0,"returned":0,"points1":12,"points2":0},{"problem":6,"player1":189,"player2":172,"dir":0,"returned":0,"points1":0,"points2":12},{"problem":2,"player1":193,"player2":174,"dir":0,"returned":0,"points1":12,"points2":0},{"problem":7,"player1":192,"player2":173,"dir":0,"returned":0,"points1":5,"points2":4},{"problem":4,"player1":189,"player2":177,"dir":0,"returned":0,"points1":11,"points2":1},{"problem":8,"player1":194,"player2":173,"dir":0,"returned":0,"points1":3,"points2":5},{"problem":3,"player1":190,"player2":175,"dir":0,"returned":0,"points1":4,"points2":7},{"problem":5,"player1":191,"player2":176,"dir":0,"returned":0,"points1":12,"points2":0}]'),
	(67, 3, 26, 25, 19, 62, '[]', '[{"problem":6,"player1":147,"player2":136,"dir":0,"returned":0,"points1":0,"points2":12},{"problem":3,"player1":144,"player2":137,"dir":0,"returned":0,"points1":0,"points2":12},{"problem":7,"player1":143,"player2":141,"dir":0,"returned":0,"points1":3,"points2":4},{"problem":8,"player1":146,"player2":139,"dir":0,"returned":0,"points1":4,"points2":4},{"problem":1,"player1":142,"player2":141,"dir":0,"returned":0,"points1":0,"points2":6},{"problem":2,"player1":143,"player2":137,"dir":0,"returned":0,"points1":0,"points2":12},{"problem":4,"player1":142,"player2":136,"dir":0,"returned":0,"points1":12,"points2":0},{"problem":5,"player1":145,"player2":140,"dir":0,"returned":0,"points1":0,"points2":12}]'),
	(68, 3, 35, 32, 53, 25, '[]', '[{"problem":6,"player1":195,"player2":181,"dir":0,"returned":0,"points1":12,"points2":0},{"problem":3,"player1":199,"player2":187,"dir":0,"returned":0,"points1":6,"points2":1},{"problem":7,"player1":195,"player2":186,"dir":0,"returned":0,"points1":11,"points2":0},{"problem":5,"player1":197,"player2":185,"dir":0,"returned":0,"points1":12,"points2":0},{"problem":2,"player1":196,"player2":188,"dir":0,"returned":0,"points1":0,"points2":12},{"problem":4,"player1":198,"player2":188,"dir":0,"returned":0,"points1":12,"points2":0},{"problem":8,"player1":200,"player2":185,"dir":0,"returned":0,"points1":0,"points2":12}]'),
	(69, 3, 41, 33, 29, 26, '[]', '[{"problem":3,"player1":231,"player2":183,"dir":0,"returned":0,"points1":4,"points2":0},{"problem":8,"player1":231,"player2":182,"dir":0,"returned":0,"points1":1,"points2":2},{"problem":1,"player1":230,"player2":179,"dir":0,"returned":0,"points1":0,"points2":12},{"problem":4,"player1":232,"player2":180,"dir":0,"returned":0,"points1":12,"points2":0},{"problem":2,"player1":233,"player2":178,"dir":0,"returned":0,"points1":0,"points2":12},{"problem":5,"player1":230,"player2":179,"dir":0,"returned":0,"points1":12,"points2":0}]'),
	(70, 3, 39, 36, 32, 51, '[]', '[{"problem":3,"player1":226,"player2":206,"dir":0,"returned":0,"points1":5,"points2":7},{"problem":7,"player1":225,"player2":205,"dir":0,"returned":0,"points1":1,"points2":6},{"problem":1,"player1":227,"player2":205,"dir":0,"returned":0,"points1":0,"points2":12},{"problem":6,"player1":223,"player2":202,"dir":0,"returned":0,"points1":0,"points2":11},{"problem":8,"player1":222,"player2":202,"dir":0,"returned":0,"points1":3,"points2":3},{"problem":5,"player1":223,"player2":204,"dir":0,"returned":0,"points1":12,"points2":0},{"problem":4,"player1":222,"player2":204,"dir":0,"returned":0,"points1":0,"points2":12},{"problem":2,"player1":227,"player2":201,"dir":0,"returned":0,"points1":11,"points2":0}]'),
	(71, 3, 24, 38, 36, 31, '[]', '[{"problem":8,"player1":134,"player2":214,"dir":0,"returned":0,"points1":0,"points2":0},{"problem":7,"player1":131,"player2":213,"dir":0,"returned":0,"points1":1,"points2":7},{"problem":5,"player1":130,"player2":214,"dir":0,"returned":0,"points1":12,"points2":0},{"problem":2,"player1":132,"player2":215,"dir":0,"returned":0,"points1":0,"points2":12},{"problem":1,"player1":133,"player2":215,"dir":0,"returned":0,"points1":6,"points2":0},{"problem":6,"player1":132,"player2":213,"dir":0,"returned":0,"points1":5,"points2":2},{"problem":4,"player1":135,"player2":215,"dir":0,"returned":0,"points1":12,"points2":0},{"problem":3,"player1":131,"player2":213,"dir":0,"returned":0,"points1":0,"points2":10}]'),
	(72, 3, 37, 23, 8, 36, '[]', '[{"problem":5,"player1":207,"player2":126,"dir":0,"returned":0,"points1":4,"points2":8},{"problem":1,"player1":208,"player2":128,"dir":0,"returned":0,"points1":0,"points2":6},{"problem":4,"player1":209,"player2":129,"dir":0,"returned":0,"points1":0,"points2":0},{"problem":7,"player1":212,"player2":124,"dir":0,"returned":0,"points1":0,"points2":6},{"problem":8,"player1":210,"player2":125,"dir":0,"returned":0,"points1":4,"points2":4},{"problem":2,"player1":209,"player2":129,"dir":0,"returned":0,"points1":0,"points2":12}]'),
	(73, 3, 27, 42, 6, 0, '[]', '[{"problem":1,"player1":148,"player2":235,"dir":0,"returned":0,"points1":1,"points2":0},{"problem":2,"player1":149,"player2":236,"dir":0,"returned":0,"points1":1,"points2":0},{"problem":3,"player1":150,"player2":237,"dir":0,"returned":0,"points1":1,"points2":0},{"problem":4,"player1":151,"player2":238,"dir":0,"returned":0,"points1":1,"points2":0},{"problem":5,"player1":152,"player2":239,"dir":0,"returned":0,"points1":1,"points2":0},{"problem":6,"player1":153,"player2":240,"dir":0,"returned":0,"points1":1,"points2":0}]'),
	(74, 3, 51, 48, 60, 34, '[]', '[{"problem":1,"player1":289,"player2":272,"dir":0,"returned":0,"points1":12,"points2":0},{"problem":2,"player1":288,"player2":270,"dir":0,"returned":0,"points1":12,"points2":0},{"problem":3,"player1":287,"player2":272,"dir":0,"returned":0,"points1":12,"points2":0},{"problem":4,"player1":289,"player2":271,"dir":0,"returned":0,"points1":0,"points2":12},{"problem":5,"player1":287,"player2":274,"dir":0,"returned":0,"points1":8,"points2":4},{"problem":6,"player1":288,"player2":269,"dir":0,"returned":0,"points1":12,"points2":0},{"problem":7,"player1":290,"player2":273,"dir":0,"returned":0,"points1":0,"points2":12},{"problem":8,"player1":287,"player2":270,"dir":0,"returned":0,"points1":4,"points2":6}]'),
	(75, 3, 49, 47, 40, 50, '[]', '[{"problem":5,"player1":277,"player2":263,"dir":0,"returned":0,"points1":2,"points2":5},{"problem":8,"player1":279,"player2":267,"dir":0,"returned":0,"points1":0,"points2":11},{"problem":4,"player1":276,"player2":263,"dir":0,"returned":0,"points1":12,"points2":0},{"problem":2,"player1":275,"player2":265,"dir":0,"returned":0,"points1":0,"points2":12},{"problem":1,"player1":280,"player2":268,"dir":0,"returned":0,"points1":12,"points2":0},{"problem":3,"player1":277,"player2":264,"dir":0,"returned":0,"points1":0,"points2":12},{"problem":6,"player1":279,"player2":264,"dir":0,"returned":0,"points1":12,"points2":0},{"problem":7,"player1":279,"player2":266,"dir":0,"returned":0,"points1":2,"points2":10}]'),
	(76, 3, 43, 44, 73, 3, '[]', '[{"problem":1,"player1":241,"player2":251,"dir":0,"returned":0,"points1":8,"points2":2},{"problem":7,"player1":245,"player2":247,"dir":0,"returned":0,"points1":12,"points2":0},{"problem":5,"player1":244,"player2":249,"dir":0,"returned":0,"points1":5,"points2":1},{"problem":6,"player1":242,"player2":250,"dir":0,"returned":0,"points1":12,"points2":0},{"problem":4,"player1":241,"player2":251,"dir":0,"returned":0,"points1":12,"points2":0},{"problem":2,"player1":243,"player2":247,"dir":0,"returned":0,"points1":6,"points2":0},{"problem":8,"player1":245,"player2":250,"dir":0,"returned":0,"points1":6,"points2":0},{"problem":3,"player1":246,"player2":249,"dir":0,"returned":0,"points1":12,"points2":0}]'),
	(77, 3, 50, 46, 44, 41, '[]', '[{"problem":2,"player1":285,"player2":262,"dir":0,"returned":0,"points1":0,"points2":12},{"problem":7,"player1":285,"player2":260,"dir":0,"returned":0,"points1":1,"points2":10},{"problem":4,"player1":282,"player2":257,"dir":0,"returned":0,"points1":12,"points2":0},{"problem":1,"player1":281,"player2":258,"dir":0,"returned":0,"points1":8,"points2":2},{"problem":5,"player1":282,"player2":261,"dir":0,"returned":0,"points1":5,"points2":3},{"problem":6,"player1":283,"player2":258,"dir":0,"returned":0,"points1":12,"points2":0},{"problem":8,"player1":281,"player2":257,"dir":0,"returned":0,"points1":6,"points2":2},{"problem":3,"player1":283,"player2":261,"dir":0,"returned":0,"points1":0,"points2":12}]'),
	(78, 3, 45, 52, 5, 0, '[]', '[{"problem":1,"player1":252,"player2":292,"dir":0,"returned":0,"points1":1,"points2":0},{"problem":2,"player1":253,"player2":293,"dir":0,"returned":0,"points1":1,"points2":0},{"problem":3,"player1":254,"player2":294,"dir":0,"returned":0,"points1":1,"points2":0},{"problem":4,"player1":255,"player2":295,"dir":0,"returned":0,"points1":1,"points2":0},{"problem":5,"player1":256,"player2":296,"dir":0,"returned":0,"points1":1,"points2":0}]'),
	(79, 4, 6, 14, 40, 38, '[]', '[{"problem":5,"player1":35,"player2":86,"dir":0,"returned":0,"points1":4,"points2":0},{"problem":8,"player1":36,"player2":85,"dir":0,"returned":0,"points1":3,"points2":7},{"problem":6,"player1":35,"player2":86,"dir":0,"returned":0,"points1":11,"points2":0},{"problem":7,"player1":36,"player2":85,"dir":0,"returned":0,"points1":0,"points2":12},{"problem":2,"player1":31,"player2":86,"dir":0,"returned":0,"points1":4,"points2":4},{"problem":4,"player1":34,"player2":84,"dir":0,"returned":0,"points1":6,"points2":6},{"problem":3,"player1":31,"player2":85,"dir":0,"returned":0,"points1":0,"points2":9},{"problem":1,"player1":33,"player2":84,"dir":0,"returned":0,"points1":12,"points2":0}]'),
	(80, 4, 3, 15, 50, 39, '[]', '[{"problem":4,"player1":13,"player2":81,"dir":0,"returned":0,"points1":12,"points2":0},{"problem":2,"player1":14,"player2":81,"dir":0,"returned":0,"points1":5,"points2":2},{"problem":5,"player1":14,"player2":78,"dir":0,"returned":0,"points1":10,"points2":0},{"problem":3,"player1":17,"player2":78,"dir":0,"returned":0,"points1":2,"points2":10},{"problem":7,"player1":15,"player2":78,"dir":0,"returned":0,"points1":12,"points2":0},{"problem":8,"player1":17,"player2":80,"dir":0,"returned":0,"points1":0,"points2":12},{"problem":1,"player1":16,"player2":79,"dir":0,"returned":0,"points1":9,"points2":3},{"problem":6,"player1":13,"player2":80,"dir":0,"returned":0,"points1":0,"points2":12}]'),
	(81, 4, 2, 11, 68, 28, '[]', '[{"problem":5,"player1":8,"player2":63,"dir":0,"returned":0,"points1":10,"points2":2},{"problem":2,"player1":12,"player2":65,"dir":0,"returned":0,"points1":12,"points2":0},{"problem":7,"player1":10,"player2":66,"dir":0,"returned":0,"points1":12,"points2":0},{"problem":3,"player1":7,"player2":62,"dir":0,"returned":0,"points1":12,"points2":0},{"problem":4,"player1":10,"player2":61,"dir":0,"returned":0,"points1":0,"points2":12},{"problem":6,"player1":12,"player2":61,"dir":0,"returned":0,"points1":9,"points2":3},{"problem":8,"player1":9,"player2":62,"dir":0,"returned":0,"points1":1,"points2":11},{"problem":1,"player1":8,"player2":65,"dir":0,"returned":0,"points1":12,"points2":0}]'),
	(82, 4, 1, 5, 56, 28, '[]', '[{"problem":8,"player1":3,"player2":30,"dir":0,"returned":0,"points1":0,"points2":0},{"problem":5,"player1":4,"player2":28,"dir":0,"returned":0,"points1":12,"points2":0},{"problem":3,"player1":5,"player2":28,"dir":0,"returned":0,"points1":3,"points2":9},{"problem":7,"player1":1,"player2":25,"dir":0,"returned":0,"points1":9,"points2":3},{"problem":4,"player1":4,"player2":26,"dir":0,"returned":0,"points1":8,"points2":4},{"problem":2,"player1":1,"player2":26,"dir":0,"returned":0,"points1":0,"points2":12},{"problem":6,"player1":3,"player2":29,"dir":0,"returned":0,"points1":12,"points2":0},{"problem":1,"player1":6,"player2":30,"dir":0,"returned":0,"points1":12,"points2":0}]'),
	(83, 4, 20, 12, 68, 13, '[]', '[{"problem":3,"player1":111,"player2":70,"dir":0,"returned":0,"points1":5,"points2":0},{"problem":8,"player1":109,"player2":68,"dir":0,"returned":0,"points1":12,"points2":0},{"problem":2,"player1":108,"player2":71,"dir":0,"returned":0,"points1":12,"points2":0},{"problem":5,"player1":107,"player2":69,"dir":0,"returned":0,"points1":5,"points2":0},{"problem":4,"player1":107,"player2":70,"dir":0,"returned":0,"points1":2,"points2":10},{"problem":6,"player1":109,"player2":72,"dir":0,"returned":0,"points1":12,"points2":0},{"problem":7,"player1":108,"player2":68,"dir":0,"returned":0,"points1":9,"points2":3},{"problem":1,"player1":111,"player2":69,"dir":0,"returned":0,"points1":11,"points2":0}]'),
	(84, 4, 21, 4, 8, 73, '[]', '[{"problem":5,"player1":116,"player2":19,"dir":0,"returned":0,"points1":0,"points2":11},{"problem":3,"player1":113,"player2":23,"dir":0,"returned":0,"points1":0,"points2":12},{"problem":6,"player1":116,"player2":19,"dir":0,"returned":0,"points1":0,"points2":10},{"problem":2,"player1":114,"player2":24,"dir":0,"returned":0,"points1":6,"points2":1},{"problem":7,"player1":114,"player2":21,"dir":0,"returned":0,"points1":0,"points2":12},{"problem":8,"player1":113,"player2":22,"dir":0,"returned":0,"points1":2,"points2":6},{"problem":4,"player1":117,"player2":20,"dir":0,"returned":0,"points1":0,"points2":9},{"problem":1,"player1":115,"player2":23,"dir":0,"returned":0,"points1":0,"points2":12}]'),
	(85, 4, 16, 10, 39, 42, '[]', '[{"problem":5,"player1":87,"player2":57,"dir":0,"returned":0,"points1":0,"points2":8},{"problem":3,"player1":91,"player2":56,"dir":0,"returned":0,"points1":1,"points2":10},{"problem":6,"player1":88,"player2":55,"dir":0,"returned":0,"points1":0,"points2":12},{"problem":8,"player1":87,"player2":56,"dir":0,"returned":0,"points1":8,"points2":3},{"problem":2,"player1":91,"player2":57,"dir":0,"returned":0,"points1":6,"points2":0},{"problem":4,"player1":87,"player2":58,"dir":0,"returned":0,"points1":0,"points2":9},{"problem":7,"player1":90,"player2":60,"dir":0,"returned":0,"points1":12,"points2":0},{"problem":1,"player1":89,"player2":59,"dir":0,"returned":0,"points1":12,"points2":0}]'),
	(86, 4, 22, 7, 35, 41, '[]', '[{"problem":7,"player1":120,"player2":37,"dir":0,"returned":0,"points1":0,"points2":4},{"problem":2,"player1":121,"player2":41,"dir":0,"returned":0,"points1":6,"points2":0},{"problem":6,"player1":122,"player2":40,"dir":0,"returned":0,"points1":2,"points2":10},{"problem":3,"player1":118,"player2":39,"dir":0,"returned":0,"points1":0,"points2":12},{"problem":8,"player1":122,"player2":40,"dir":0,"returned":0,"points1":12,"points2":0},{"problem":4,"player1":120,"player2":38,"dir":0,"returned":0,"points1":11,"points2":0},{"problem":5,"player1":123,"player2":38,"dir":0,"returned":0,"points1":1,"points2":6},{"problem":1,"player1":121,"player2":39,"dir":0,"returned":0,"points1":3,"points2":9}]'),
	(87, 4, 8, 13, 5, 50, '[]', '[{"problem":2,"player1":48,"player2":73,"dir":0,"returned":0,"points1":0,"points2":0},{"problem":6,"player1":46,"player2":76,"dir":0,"returned":0,"points1":2,"points2":9},{"problem":5,"player1":48,"player2":76,"dir":0,"returned":0,"points1":0,"points2":4},{"problem":7,"player1":44,"player2":73,"dir":0,"returned":0,"points1":0,"points2":4},{"problem":3,"player1":43,"player2":75,"dir":0,"returned":0,"points1":0,"points2":7},{"problem":1,"player1":45,"player2":74,"dir":0,"returned":0,"points1":3,"points2":6},{"problem":8,"player1":47,"player2":73,"dir":0,"returned":0,"points1":0,"points2":12},{"problem":4,"player1":44,"player2":75,"dir":0,"returned":0,"points1":0,"points2":8}]'),
	(88, 4, 18, 17, 17, 31, '[]', '[{"problem":2,"player1":99,"player2":92,"dir":0,"returned":0,"points1":0,"points2":7},{"problem":7,"player1":96,"player2":94,"dir":0,"returned":0,"points1":0,"points2":5},{"problem":8,"player1":97,"player2":93,"dir":0,"returned":0,"points1":0,"points2":10},{"problem":3,"player1":98,"player2":92,"dir":0,"returned":0,"points1":0,"points2":0},{"problem":1,"player1":99,"player2":93,"dir":0,"returned":0,"points1":11,"points2":0},{"problem":6,"player1":97,"player2":94,"dir":0,"returned":0,"points1":0,"points2":6},{"problem":5,"player1":98,"player2":95,"dir":0,"returned":0,"points1":1,"points2":0},{"problem":4,"player1":99,"player2":92,"dir":0,"returned":0,"points1":5,"points2":3}]'),
	(89, 4, 19, 9, 39, 28, '[]', '[{"problem":5,"player1":105,"player2":51,"dir":0,"returned":0,"points1":3,"points2":0},{"problem":6,"player1":103,"player2":52,"dir":0,"returned":0,"points1":11,"points2":1},{"problem":8,"player1":105,"player2":49,"dir":0,"returned":0,"points1":10,"points2":0},{"problem":3,"player1":101,"player2":52,"dir":0,"returned":0,"points1":1,"points2":6},{"problem":2,"player1":104,"player2":49,"dir":0,"returned":0,"points1":3,"points2":3},{"problem":4,"player1":103,"player2":54,"dir":0,"returned":0,"points1":2,"points2":8},{"problem":1,"player1":102,"player2":50,"dir":0,"returned":0,"points1":3,"points2":9},{"problem":7,"player1":102,"player2":54,"dir":0,"returned":0,"points1":6,"points2":1}]'),
	(90, 4, 30, 29, 52, 41, '[]', '[{"problem":1,"player1":169,"player2":164,"dir":0,"returned":0,"points1":11,"points2":1},{"problem":5,"player1":170,"player2":165,"dir":0,"returned":0,"points1":5,"points2":7},{"problem":7,"player1":168,"player2":161,"dir":0,"returned":0,"points1":10,"points2":0},{"problem":2,"player1":168,"player2":163,"dir":0,"returned":0,"points1":0,"points2":12},{"problem":8,"player1":170,"player2":164,"dir":0,"returned":0,"points1":11,"points2":0},{"problem":4,"player1":166,"player2":161,"dir":0,"returned":0,"points1":3,"points2":9},{"problem":6,"player1":167,"player2":162,"dir":0,"returned":0,"points1":12,"points2":0},{"problem":3,"player1":171,"player2":163,"dir":0,"returned":0,"points1":0,"points2":12}]'),
	(91, 4, 34, 40, 33, 58, '[]', '[{"problem":1,"player1":193,"player2":221,"dir":0,"returned":0,"points1":2,"points2":10},{"problem":5,"player1":191,"player2":218,"dir":0,"returned":0,"points1":9,"points2":3},{"problem":4,"player1":189,"player2":221,"dir":0,"returned":0,"points1":0,"points2":12},{"problem":8,"player1":194,"player2":219,"dir":0,"returned":0,"points1":12,"points2":0},{"problem":2,"player1":190,"player2":219,"dir":0,"returned":0,"points1":0,"points2":12},{"problem":7,"player1":189,"player2":216,"dir":0,"returned":0,"points1":6,"points2":1},{"problem":3,"player1":190,"player2":220,"dir":0,"returned":0,"points1":4,"points2":8},{"problem":6,"player1":192,"player2":218,"dir":0,"returned":0,"points1":0,"points2":12}]'),
	(92, 4, 28, 25, 74, 19, '[]', '[{"problem":5,"player1":154,"player2":136,"dir":0,"returned":0,"points1":3,"points2":7},{"problem":4,"player1":159,"player2":141,"dir":0,"returned":0,"points1":12,"points2":0},{"problem":7,"player1":157,"player2":138,"dir":0,"returned":0,"points1":12,"points2":0},{"problem":1,"player1":154,"player2":137,"dir":0,"returned":0,"points1":12,"points2":0},{"problem":2,"player1":159,"player2":139,"dir":0,"returned":0,"points1":11,"points2":0},{"problem":6,"player1":158,"player2":138,"dir":0,"returned":0,"points1":12,"points2":0},{"problem":8,"player1":155,"player2":136,"dir":0,"returned":0,"points1":0,"points2":12},{"problem":3,"player1":156,"player2":137,"dir":0,"returned":0,"points1":12,"points2":0}]'),
	(93, 4, 35, 36, 54, 24, '[]', '[{"problem":4,"player1":195,"player2":206,"dir":0,"returned":0,"points1":12,"points2":0},{"problem":7,"player1":197,"player2":203,"dir":0,"returned":0,"points1":6,"points2":0},{"problem":2,"player1":196,"player2":201,"dir":0,"returned":0,"points1":12,"points2":0},{"problem":8,"player1":195,"player2":201,"dir":0,"returned":0,"points1":0,"points2":12},{"problem":6,"player1":199,"player2":206,"dir":0,"returned":0,"points1":12,"points2":0},{"problem":3,"player1":196,"player2":204,"dir":0,"returned":0,"points1":12,"points2":0},{"problem":5,"player1":199,"player2":202,"dir":0,"returned":0,"points1":0,"points2":12}]'),
	(94, 4, 24, 41, 0, 35, '[]', '[{"problem":5,"player1":132,"player2":229,"dir":0,"returned":0,"points1":0,"points2":5},{"problem":4,"player1":135,"player2":232,"dir":0,"returned":0,"points1":0,"points2":7},{"problem":6,"player1":135,"player2":228,"dir":0,"returned":0,"points1":0,"points2":11},{"problem":8,"player1":132,"player2":232,"dir":0,"returned":0,"points1":0,"points2":12}]'),
	(95, 4, 26, 33, 57, 15, '[]', '[{"problem":6,"player1":143,"player2":184,"dir":0,"returned":0,"points1":12,"points2":0},{"problem":5,"player1":144,"player2":182,"dir":0,"returned":0,"points1":12,"points2":0},{"problem":8,"player1":144,"player2":184,"dir":0,"returned":0,"points1":12,"points2":0},{"problem":2,"player1":142,"player2":178,"dir":0,"returned":0,"points1":12,"points2":0},{"problem":4,"player1":145,"player2":179,"dir":0,"returned":0,"points1":4,"points2":4},{"problem":3,"player1":147,"player2":178,"dir":0,"returned":0,"points1":1,"points2":11},{"problem":1,"player1":145,"player2":183,"dir":0,"returned":0,"points1":4,"points2":0}]'),
	(96, 4, 23, 27, 41, 27, '[]', '[{"problem":8,"player1":124,"player2":150,"dir":0,"returned":0,"points1":6,"points2":6},{"problem":2,"player1":128,"player2":153,"dir":0,"returned":0,"points1":12,"points2":0},{"problem":5,"player1":124,"player2":153,"dir":0,"returned":0,"points1":4,"points2":2},{"problem":4,"player1":127,"player2":152,"dir":0,"returned":0,"points1":0,"points2":1},{"problem":1,"player1":125,"player2":148,"dir":0,"returned":0,"points1":1,"points2":6},{"problem":3,"player1":129,"player2":150,"dir":0,"returned":0,"points1":12,"points2":0},{"problem":7,"player1":125,"player2":151,"dir":0,"returned":0,"points1":6,"points2":0},{"problem":6,"player1":126,"player2":148,"dir":0,"returned":0,"points1":0,"points2":12}]'),
	(97, 4, 31, 39, 20, 61, '[]', '[{"problem":5,"player1":175,"player2":226,"dir":0,"returned":0,"points1":7,"points2":3},{"problem":1,"player1":172,"player2":222,"dir":0,"returned":0,"points1":11,"points2":1},{"problem":6,"player1":172,"player2":223,"dir":0,"returned":0,"points1":0,"points2":12},{"problem":4,"player1":173,"player2":223,"dir":0,"returned":0,"points1":0,"points2":8},{"problem":7,"player1":175,"player2":226,"dir":0,"returned":0,"points1":2,"points2":5},{"problem":8,"player1":174,"player2":225,"dir":0,"returned":0,"points1":0,"points2":8},{"problem":2,"player1":176,"player2":222,"dir":0,"returned":0,"points1":0,"points2":12},{"problem":3,"player1":173,"player2":225,"dir":0,"returned":0,"points1":0,"points2":12}]'),
	(98, 4, 32, 37, 4, 0, '[]', '[{"problem":3,"player1":188,"player2":212,"dir":0,"returned":0,"points1":4,"points2":0}]'),
	(99, 4, 38, 42, 6, 0, '[]', '[{"problem":1,"player1":213,"player2":235,"dir":0,"returned":0,"points1":1,"points2":0},{"problem":2,"player1":214,"player2":236,"dir":0,"returned":0,"points1":1,"points2":0},{"problem":3,"player1":215,"player2":237,"dir":0,"returned":0,"points1":1,"points2":0},{"problem":4,"player1":213,"player2":238,"dir":0,"returned":0,"points1":1,"points2":0},{"problem":5,"player1":214,"player2":239,"dir":0,"returned":0,"points1":1,"points2":0},{"problem":6,"player1":215,"player2":240,"dir":0,"returned":0,"points1":1,"points2":0}]'),
	(100, 4, 51, 46, 59, 33, '[]', '[{"problem":4,"player1":289,"player2":258,"dir":0,"returned":0,"points1":12,"points2":0},{"problem":8,"player1":288,"player2":260,"dir":0,"returned":0,"points1":0,"points2":9},{"problem":1,"player1":288,"player2":262,"dir":0,"returned":0,"points1":12,"points2":0},{"problem":3,"player1":287,"player2":257,"dir":0,"returned":0,"points1":11,"points2":0},{"problem":2,"player1":287,"player2":261,"dir":0,"returned":0,"points1":12,"points2":0},{"problem":5,"player1":287,"player2":261,"dir":0,"returned":0,"points1":0,"points2":12},{"problem":7,"player1":289,"player2":258,"dir":0,"returned":0,"points1":12,"points2":0},{"problem":6,"player1":290,"player2":257,"dir":0,"returned":0,"points1":0,"points2":12}]'),
	(101, 4, 43, 47, 43, 44, '[]', '[{"problem":3,"player1":241,"player2":263,"dir":0,"returned":0,"points1":0,"points2":12},{"problem":8,"player1":241,"player2":266,"dir":0,"returned":0,"points1":12,"points2":0},{"problem":2,"player1":242,"player2":264,"dir":0,"returned":0,"points1":2,"points2":5},{"problem":5,"player1":242,"player2":263,"dir":0,"returned":0,"points1":0,"points2":12},{"problem":4,"player1":243,"player2":264,"dir":0,"returned":0,"points1":12,"points2":0},{"problem":7,"player1":245,"player2":268,"dir":0,"returned":0,"points1":1,"points2":11},{"problem":6,"player1":246,"player2":268,"dir":0,"returned":0,"points1":12,"points2":0},{"problem":1,"player1":245,"player2":265,"dir":0,"returned":0,"points1":4,"points2":4}]'),
	(102, 4, 49, 50, 60, 13, '[]', '[{"problem":8,"player1":279,"player2":283,"dir":0,"returned":0,"points1":12,"points2":0},{"problem":1,"player1":279,"player2":286,"dir":0,"returned":0,"points1":12,"points2":0},{"problem":4,"player1":275,"player2":283,"dir":0,"returned":0,"points1":6,"points2":0},{"problem":3,"player1":276,"player2":286,"dir":0,"returned":0,"points1":6,"points2":0},{"problem":7,"player1":275,"player2":281,"dir":0,"returned":0,"points1":10,"points2":0},{"problem":5,"player1":278,"player2":285,"dir":0,"returned":0,"points1":0,"points2":5},{"problem":2,"player1":279,"player2":285,"dir":0,"returned":0,"points1":12,"points2":0},{"problem":6,"player1":280,"player2":282,"dir":0,"returned":0,"points1":2,"points2":8}]'),
	(103, 4, 48, 52, 6, 0, '[]', '[{"problem":1,"player1":269,"player2":292,"dir":0,"returned":0,"points1":1,"points2":0},{"problem":2,"player1":270,"player2":293,"dir":0,"returned":0,"points1":1,"points2":0},{"problem":3,"player1":271,"player2":294,"dir":0,"returned":0,"points1":1,"points2":0},{"problem":4,"player1":272,"player2":295,"dir":0,"returned":0,"points1":1,"points2":0},{"problem":5,"player1":273,"player2":296,"dir":0,"returned":0,"points1":1,"points2":0},{"problem":6,"player1":274,"player2":297,"dir":0,"returned":0,"points1":1,"points2":0}]'),
	(104, 4, 45, 44, 26, 2, '[]', '[{"problem":5,"player1":253,"player2":247,"dir":0,"returned":0,"points1":6,"points2":0},{"problem":6,"player1":252,"player2":250,"dir":0,"returned":0,"points1":12,"points2":0},{"problem":7,"player1":256,"player2":251,"dir":0,"returned":0,"points1":2,"points2":2},{"problem":8,"player1":255,"player2":248,"dir":0,"returned":0,"points1":6,"points2":0}]');
/*!40000 ALTER TABLE `battles` ENABLE KEYS */;

-- Dumping structure for table sozopol.competitions
CREATE TABLE IF NOT EXISTS `competitions` (
  `id` int(11) NOT NULL AUTO_INCREMENT,
  `name` varchar(255) DEFAULT NULL,
  `port` int(11) DEFAULT NULL,
  PRIMARY KEY (`id`),
  UNIQUE KEY `name` (`name`),
  UNIQUE KEY `port` (`port`)
) ENGINE=InnoDB AUTO_INCREMENT=4 DEFAULT CHARSET=utf8;

-- Dumping data for table sozopol.competitions: ~3 rows (approximately)
/*!40000 ALTER TABLE `competitions` DISABLE KEYS */;
INSERT INTO `competitions` (`id`, `name`, `port`) VALUES
	(1, '6-7 ', 3005),
	(2, '8-9 ', 3006),
	(3, '10-12 ', 3007);
/*!40000 ALTER TABLE `competitions` ENABLE KEYS */;

-- Dumping structure for table sozopol.judges
CREATE TABLE IF NOT EXISTS `judges` (
  `id` int(11) NOT NULL AUTO_INCREMENT,
  `name` varchar(255) DEFAULT NULL,
  `username` varchar(255) DEFAULT NULL,
  `passhash` varchar(255) DEFAULT NULL,
  `salt` varchar(255) DEFAULT NULL,
  `is_admin` tinyint(1) DEFAULT '0',
  PRIMARY KEY (`id`),
  UNIQUE KEY `name` (`name`),
  UNIQUE KEY `username` (`username`)
) ENGINE=InnoDB AUTO_INCREMENT=38 DEFAULT CHARSET=utf8;

-- Dumping data for table sozopol.judges: ~31 rows (approximately)
/*!40000 ALTER TABLE `judges` DISABLE KEYS */;
INSERT INTO `judges` (`id`, `name`, `username`, `passhash`, `salt`, `is_admin`) VALUES
	(1, ' ', 'IvoD', 'b46d09a2fe876eae9a76105eb1997d9f87f8d4c0e157a3147997224c2eb955a0f675f71205f7cb001ff63ebd8b7e1b152ee8d502a29748400b3fc1719ab7ef24', '2647728763603100726448049507853717266121744311381788479539165101', 1),
	(3, ' ', 'Jodan2386', '78fc5f9b164a6c4431b283724d9aa9c3290c905eb6d6a4eba7a83c564bc0bb0045bafb6284d61aabefeca1f6b0224b6246cfd057ad41a9f191ada76f0179adbc', '8111066190732592833971887641097345490131700540917835860227938348', 0),
	(4, ' ', 'Assassino', 'b4bbd4f05041459831a756bf85b11ab49cfdb911b5987d9f848da76609b0d773998e0729605683ad60d2f0d4c5afdde99ab030649e49a884dc46198a28222ab1', '3085065058536627781241093398293324589176150666266191980208255641', 0),
	(5, ' ', 'Roni', '4808691d1507f1ef59363a21fcc92c4fd1c0e0a15290ec616ab8c7a7f406d1bdbf6dccc042c69a87aaa23e2af46a4a738bd4c6dfb2ec47ca27c7da3b87534052', '6355865583324685388211525621267087592617338335041868147321131002', 1),
	(6, 'Svilen', 'kai_99', '826d97702e61324b8ab94d2afbdcb6900e6cd3ccce8400d745ce8f6b9126e3e22f4d41c245822ab7e5b49c59205dfc817443e6483745909ad4ecf9b867a37fab', '4586004279178828695316232375954174264949417483838969615557353225', 0),
	(7, ' ', 'eho_3', 'b9aaa6ad4e92009281133b09bf672a58d4aa0c7a105941b254c1f0463ca29e330fc4063f01a4a593833ce284c2a1d30518c57ef78332266969fa9b5196a97c3f', '1924824224864661243825473619421221176030503637347832910829502157', 0),
	(8, ' ', ' ', '682d71a3b6019a9f710c504426d0103a07a96560ed89389bce79ad2b99fb1dd3f63e91443109b9b20472d8c25984a95ead26acb32c49031ed34c07a0a773edb3', '6829210093487382404156980778329088886699519195132225266315790684', 0),
	(9, ' ', 'pepi', '1583ec0a882a83b898b96ffd9bfaeca3a7d5e45ee1486a6e84dc957714bd243b136a636d2ce634fa940d98caf93c3557cb2cb65ca53ba3bce86a43507490ecc5', '2763788847001613454795354554871486318930347530158038328475026275', 0),
	(10, ' ', 'ivan_ganev', '5319bab24f2d21a84d90bbff8c33254730284d2debee5830e083e1eb1a859994ffa85b7ce5747a82e74d6b17b636d229b63e13cdd9714da874ab8424a8f02155', '3564933509475919131714905836586859934591622945766911498428810504', 0),
	(12, ' ', 'denitsamarkova', 'c071552742ee37131da0d34d67252760ea90744e018c4dc0ac22da07635a9332f034754bf28b270d773243dc7483f0f6bc099d06cd1b4295d4da4cd56d0c1f6c', '4849781218241323509303744502590494853567806712057542646271338652', 0),
	(13, ' ', 'freeride8', '761a4ceb49f4729bf7573c8aa8e79d4f274eb16f6ddbe726f3ca10f8baaf3d4f5f7fd3c65e1f859e13ffe6c41fc3843c0ae514b8bf706a35a6c914b4c1ecc116', '4722513679458179956792827687240930188454433015568998691580902863', 0),
	(14, 'Rumen Vasilev Jr.', 'slavinqma', 'b1bdc4ffd0cf6a643b1aef19e91bc30d6b38088ff213be51fe874d7c0c606c1703e072ef3163d2f1333464b2531f2082eb437d5ba095f5a49deb51af02d7c153', '2608215656215112787959662325515558137937220741133372728451877168', 0),
	(15, '  ', 'RosiG', '5f1f6a4d7010ee70765be7437e3070f0156ee6a4ca4197ea6fb3048bec2d8e5203d26e3cc4bf848e6262fe4c8cf55d1034e91d6870eba78899f1f1e162f7496d', '5637250786138043881357621238979567804107268756740003896459995167', 0),
	(16, 'Martin Enilov', 'Martin', '8dd9eb5ca9b989bea8cb9070eacc5b597142581834854ac0bf67600cf85e45f473eb06eca06ed627bfcfd029f85f2eda6734b47d265396e40daec76aeeaf29cb', '1151636698746992014455932074606949148636132155195153548204305717', 0),
	(17, ' ', 'a', 'd632c213964626edef0c6e52ebab5a7b605fab35d6e84bbb0458b6aad54b377e5d1d282b9eb01722415c28d31285867ed12db507c425c629ae5b7d207174faa0', '7091289647842365636064773397762431966195725603248357430049503237', 0),
	(18, 'Atanas', 'Atanasov', '77762d0345d178d44a2c6b5ef9202656f324026b3ba496df42da9d61b9b2ae0e711709a4c10e659cf7b3d12dd87fa430e77a79c304f9d60ddec859aba01f11fb', '5383784457733526523413291641310935898013308426499752197356364352', 0),
	(19, '', 'Zez', '652326302cfb11e7068f662e1294c9f6267e82bf637b18195f5de2b8b198336cfc2b08648468cd2dc2fb308a1dea9a72aeaa777289e0868ea3fce61e842b4ed0', '8002679177999252728060216199339044973859433626477115888520088506', 0),
	(20, 'Simon Simeonov', 'simon', 'd3c7ce4e14da1acf43f2b8947b963428988ccb12f5c71523411d07f490215ec5e668f030f17a3e06937a20a59c1696177a5fd8b8a027cdc22b98343b2be503a6', '8193048844774640376851611402911511676457105749499420525332638450', 0),
	(21, ' ', 'Pressiem', '6a4e44727150159ba69178bf015cf67bf63465c196f47b1a0be1ae9ee015bf4739a1912622cf684759210ad23dae6dbbbc354e4ce690636bf044abb568f75eb3', '2727887228009437985752722536940738713941693926817648687767457905', 0),
	(22, ' ', '', '9779fb0510d435fed7cb43921f2d253b7c31cec36a887dd3b1389c8ea2d9330b862c3d6d246c004571fe38ad8c4d9af5bd6dae638dd39fc90c7965ef8c7486af', '2711997030088406969241134211025972133468481004379671612165726388', 0),
	(23, 'Stanislav Slavov', 'StanislavSlavov', 'f91b1cbdee0f3bfac242819eb27fa41d94e08ff2f97728571ed08520cb854520f7bb9c93697f02fcf9a184e48e0f6fe9ade3f1fa0f5f7efe386ed0c79fa294c2', '7815965951718944705759852527728428099872917881624410973194630750', 0),
	(25, 'Alexander Valentinov Ivanov', 'alexander.valentinov.ivanovj', '0ceb7d6e82b812899d20fcca7f5908ff684dbf2774946ec341d0bfacbfc3a7b1e9d5f88cf58bb2e7ed18de2f03c699a934c4d8e2ef3b70ad994e7ed75c352e18', '9746174925595766177780704148875199209833566831890709393029269325', 0),
	(26, ' ', 'daninnm', '50315ea1dd6a4bf013a928fac835c6e438b6d47ab93e408c58a836965ebf6e8c6ffca6856c0349ecc7f5b08e6e48a8900d62dfaf2478b1fa016bb6bd82fa0ec1', '2957313043059938115813778231996771475801682197833141776411412003', 0),
	(27, 'M Minchev', 'Mminchev', 'ddc99fe55e075e797edb64570bab284bd151b8f2b4bd9f3f5a014505acba5d29623cd894733c36456ab4170780b1804612d3c4b4071094455f6934de313897d4', '1120114405530957389357331663944897303759143022458092796735476646', 0),
	(29, 'Tanya Otsetarova', 'tanyao', 'e23c913a0e37be4188af02cfabe37794095a9d1be6b7cdcb964e5eb5083e5736069a6a914df72cad1c7f1f9260e72d801308eeff61520a2f7de5ad1fbda5e497', '3795860617305607363997875688805617302151482916643382681314203858', 0),
	(30, 'Krasimira Trifonova ', 'K.trifonova', '09b4f4e04280f4097046488d737fe5fbf758156328df80cbbbb5bcccbf7f753064ed67046557fe9267466457f574b4d1a9e0edb79f538d0002ead0c7faa5d197', '1825932483977319030976263549775941904845707845822768593904990232', 0),
	(31, ' ', 'nick1256', '9852cc11a4219d5a70134608b1a2a49750c4b220ed5527ce698f382368a09e3035b754f0c43e128d86bb06efab0e82b1e10bddadc16627424c1a413a34d7f8f2', '7188152633876223962843257647319662120861480055230524519025753886', 0),
	(32, ' ', 'alex', '43408548d9a41770f8cc53409c606e8a259272ad0a9588af6361b7a5c9e866f5112842c75e8c8768cccbab11a934b2fe1a914e30b46e0c1dd46ae4b30957db39', '2186572160314889514337280939218319917677579063707032804707485798', 0),
	(34, 'Ivaylo Kortezov', 'kortezov', 'ed8c62c81fb9a3cd55cee5f399c4540b3e801248530bbb803e64d30b2c6f40f81a7efcaf937a5ada3a2ebb72c470b57e2c72d7facaca2dc535e2364792d41022', '7224889399038261058592383553454654637967436096148900190021448745', 0),
	(35, 'Dona-Maria Ivanova', 'donamar', 'b35e511031c5a52d013e77143aa0a38c095fe68188baf6b8a9aec3a8fb1923b72f5f854afd2790a241a4e0d8de5a32260229499cbac0560abc406f20deb7ab85', '1739250717659490438996370526007554014956171324728053650338917688', 0),
	(37, '', 'Jordan2386', 'c9261860877b7de176d5404b2d27c98fb9564e8749f086b78e9367a56b7b7064c005716db5e5f965e166e0808c7a9babc375b61a656e5ce267f9693ed7c2b725', '8725309684457342410576460104177650844840190051695131704448118262', 0);
/*!40000 ALTER TABLE `judges` ENABLE KEYS */;

-- Dumping structure for table sozopol.players
CREATE TABLE IF NOT EXISTS `players` (
  `id` int(11) NOT NULL AUTO_INCREMENT,
  `name` varchar(255) DEFAULT NULL,
  `team_id` int(11) NOT NULL,
  `comb` int(11) DEFAULT '0',
  `geo` int(11) DEFAULT '0',
  `numb` int(11) DEFAULT '0',
  `alg` int(11) DEFAULT '0',
  PRIMARY KEY (`id`),
  UNIQUE KEY `name` (`name`),
  KEY `team_id` (`team_id`),
  CONSTRAINT `players_ibfk_1` FOREIGN KEY (`team_id`) REFERENCES `teams` (`id`)
) ENGINE=InnoDB AUTO_INCREMENT=298 DEFAULT CHARSET=utf8;

-- Dumping data for table sozopol.players: ~297 rows (approximately)
/*!40000 ALTER TABLE `players` DISABLE KEYS */;
INSERT INTO `players` (`id`, `name`, `team_id`, `comb`, `geo`, `numb`, `alg`) VALUES
	(1, '  ', 1, 10, 9, 1, 0),
	(2, '   ', 1, 23, 12, 0, 0),
	(3, '  ', 1, 0, 9, 24, 11),
	(4, '  ', 1, 24, 0, 7, 24),
	(5, '  ', 1, 3, 0, 12, 0),
	(6, '  ', 1, 29, 0, 4, 0),
	(7, '  ', 2, 36, 0, 0, 0),
	(8, '  ', 2, 26, 7, 0, 11),
	(9, '  ', 2, 12, 13, 0, 0),
	(10, '  ', 2, 24, 0, 10, 0),
	(11, '  ', 2, 12, 0, 0, 0),
	(12, '  ', 2, 10, 12, 42, 7),
	(13, '   ', 3, 15, 0, 8, 31),
	(14, '  ', 3, 15, 10, 17, 10),
	(15, '  ', 3, 24, 12, 0, 0),
	(16, '  ', 3, 9, 0, 0, 0),
	(17, '  ', 3, 2, 12, 12, 7),
	(18, '  ', 3, 12, 0, 0, 0),
	(19, '   ', 4, 12, 17, 10, 15),
	(20, '   ', 4, 0, 12, 12, 33),
	(21, '  ', 4, 25, 0, 0, 0),
	(22, '   +  ', 4, 12, 6, 2, 0),
	(23, '   ', 4, 24, 12, 20, 0),
	(24, '  - ', 4, 17, 0, 1, 0),
	(25, '  ', 5, 3, 0, 12, 0),
	(26, '  ', 5, 24, 0, 18, 4),
	(27, '  ', 5, 0, 0, 0, 0),
	(28, '  ', 5, 30, 0, 11, 11),
	(29, '  ', 5, 12, 0, 0, 0),
	(30, '  ', 5, 18, 0, 6, 5),
	(31, '  ', 6, 18, 0, 4, 0),
	(32, ' ', 6, 12, 7, 0, 0),
	(33, '  ', 6, 12, 0, 0, 0),
	(34, '  ', 6, 0, 10, 11, 11),
	(35, '  ', 6, 24, 23, 17, 4),
	(36, '  ', 6, 16, 3, 15, 4),
	(37, '  ', 7, 4, 0, 0, 0),
	(38, '  ', 7, 12, 20, 0, 6),
	(39, '  ', 7, 25, 11, 0, 0),
	(40, '  ', 7, 13, 0, 10, 6),
	(41, '  ', 7, 6, 3, 2, 0),
	(42, '  ', 7, 0, 0, 8, 3),
	(43, '  ', 8, 2, 0, 0, 0),
	(44, '  ', 8, 24, 1, 2, 0),
	(45, '  ', 8, 10, 0, 0, 0),
	(46, ' ', 8, 3, 0, 8, 0),
	(47, '  ', 8, 0, 0, 0, 0),
	(48, '  ', 8, 12, 12, 0, 0),
	(49, '  ', 9, 0, 2, 7, 0),
	(50, '  ', 9, 17, 0, 1, 0),
	(51, '  ', 9, 0, 0, 1, 0),
	(52, '  ', 9, 14, 1, 1, 6),
	(53, '  ', 9, 0, 1, 9, 0),
	(54, '  ', 9, 1, 2, 2, 8),
	(55, '  ', 10, 16, 12, 12, 12),
	(56, '  ', 10, 10, 3, 16, 0),
	(57, '  ', 10, 11, 0, 0, 8),
	(58, '  ', 10, 24, 0, 0, 13),
	(59, '  ', 10, 12, 0, 12, 0),
	(60, '  ', 10, 0, 0, 0, 0),
	(61, '  ', 11, 12, 9, 15, 20),
	(62, '  ', 11, 6, 11, 33, 0),
	(63, '  ', 11, 1, 0, 9, 8),
	(64, '  ', 11, 12, 12, 0, 0),
	(65, '  ', 11, 7, 3, 0, 0),
	(66, '  ', 11, 10, 0, 0, 0),
	(67, '  ', 12, 12, 8, 0, 0),
	(68, '  ', 12, 3, 5, 0, 6),
	(69, '  ', 12, 0, 0, 0, 0),
	(70, '  ', 12, 6, 0, 12, 10),
	(71, '  ', 12, 12, 0, 4, 6),
	(72, '  ', 12, 12, 10, 0, 0),
	(73, '  ', 13, 4, 12, 9, 0),
	(74, '  ', 13, 6, 12, 0, 0),
	(75, '  ', 13, 31, 2, 0, 8),
	(76, '  ', 13, 2, 0, 19, 7),
	(77, '  ', 13, 10, 7, 0, 0),
	(78, 'Nguyen Bao Son', 15, 33, 0, 12, 11),
	(79, 'Vu Minh Duc', 15, 3, 12, 22, 0),
	(80, 'Do Nga Linh', 15, 48, 12, 24, 0),
	(81, 'Ta Huy Hieu', 15, 5, 6, 16, 0),
	(82, 'Phan Vu Nguyen Khai', 14, 0, 0, 0, 0),
	(83, 'Hoang Nhat Nam', 14, 10, 0, 0, 0),
	(84, 'Nguyen Minh Son', 14, 12, 0, 34, 26),
	(85, 'Nguyen Hoang Dam Thuyen', 14, 52, 7, 22, 3),
	(86, 'Le Thanh Vinh', 14, 30, 3, 4, 0),
	(87, '  ', 16, 8, 8, 6, 12),
	(88, '  ', 16, 12, 5, 0, 6),
	(89, '  ', 16, 22, 0, 4, 0),
	(90, '  ', 16, 12, 11, 0, 0),
	(91, '  ', 16, 8, 0, 6, 0),
	(92, '  ', 17, 20, 0, 7, 3),
	(93, '  ', 17, 15, 10, 15, 5),
	(94, '  ', 17, 11, 11, 6, 0),
	(95, '  ', 17, 0, 0, 0, 0),
	(96, '  ', 18, 6, 4, 0, 1),
	(97, '  ', 18, 0, 22, 14, 0),
	(98, '  ', 18, 14, 0, 6, 2),
	(99, '  ', 18, 21, 0, 0, 5),
	(100, '  ', 19, 2, 0, 0, 0),
	(101, '  ', 19, 23, 0, 0, 0),
	(102, '  ', 19, 21, 8, 3, 0),
	(103, '  ', 19, 0, 14, 11, 10),
	(104, '  ', 19, 2, 0, 3, 0),
	(105, '  ', 19, 0, 10, 11, 3),
	(106, '  ', 20, 0, 0, 0, 0),
	(107, '  ', 20, 0, 0, 10, 7),
	(108, '  ', 20, 35, 0, 12, 0),
	(109, '  ', 20, 12, 22, 12, 1),
	(110, '  ', 20, 21, 12, 1, 0),
	(111, '  ', 20, 28, 0, 2, 12),
	(112, '  ', 21, 0, 0, 6, 0),
	(113, '  ', 21, 5, 11, 4, 2),
	(114, '  ', 21, 14, 9, 6, 0),
	(115, '  ', 21, 16, 0, 0, 0),
	(116, '  ', 21, 12, 0, 12, 0),
	(117, '  ', 21, 0, 0, 0, 0),
	(118, '  ', 22, 12, 0, 0, 0),
	(119, '  ', 22, 6, 9, 1, 0),
	(120, '  ', 22, 20, 8, 2, 16),
	(121, '  ', 22, 3, 3, 11, 0),
	(122, '  ', 22, 13, 12, 2, 5),
	(123, '  ', 22, 12, 0, 0, 1),
	(124, '  ', 23, 10, 12, 5, 0),
	(125, '  ', 23, 4, 4, 0, 17),
	(126, '  ', 23, 0, 8, 4, 2),
	(127, '  ', 23, 0, 0, 0, 0),
	(128, ' - ', 23, 21, 18, 0, 0),
	(129, '  ', 23, 0, 12, 24, 2),
	(130, '  ', 24, 0, 12, 0, 0),
	(131, '  ', 24, 3, 1, 0, 0),
	(132, '  ', 24, 0, 0, 6, 1),
	(133, '  ', 24, 0, 6, 0, 2),
	(134, '  ', 24, 8, 0, 0, 3),
	(135, '  ', 24, 22, 0, 0, 20),
	(136, '  ', 25, 1, 12, 26, 0),
	(137, '  ', 25, 0, 12, 12, 24),
	(138, '  ', 25, 14, 0, 0, 0),
	(139, '  ', 25, 6, 4, 0, 0),
	(140, '  ', 25, 0, 12, 0, 12),
	(141, '  ', 25, 12, 10, 12, 12),
	(142, '  ', 26, 12, 12, 12, 20),
	(143, '  ', 26, 9, 3, 12, 12),
	(144, '  ', 26, 9, 12, 12, 0),
	(145, '  ', 26, 0, 15, 0, 4),
	(146, '  ', 26, 2, 4, 0, 0),
	(147, '  ', 26, 0, 0, 1, 12),
	(148, '  ', 27, 0, 13, 7, 20),
	(149, '  ', 27, 0, 0, 1, 0),
	(150, '  ', 27, 2, 6, 11, 6),
	(151, '  ', 27, 9, 0, 0, 1),
	(152, '  ', 27, 7, 2, 0, 0),
	(153, '  ', 27, 0, 0, 3, 0),
	(154, '  ', 28, 0, 24, 3, 24),
	(155, '  ', 28, 12, 0, 0, 0),
	(156, '  ', 28, 0, 18, 24, 0),
	(157, '  ', 28, 29, 8, 0, 12),
	(158, '  ', 28, 21, 0, 12, 12),
	(159, '  ', 28, 11, 24, 11, 24),
	(160, '  ', 29, 10, 0, 0, 12),
	(161, '  ', 29, 12, 9, 0, 12),
	(162, '  ', 29, 0, 1, 11, 11),
	(163, '  ', 29, 12, 12, 24, 0),
	(164, '  ', 29, 0, 14, 0, 2),
	(165, '  ', 29, 20, 18, 7, 0),
	(166, '  ', 30, 18, 3, 0, 0),
	(167, '  ', 30, 9, 0, 0, 24),
	(168, '  ', 30, 0, 18, 0, 32),
	(169, '  ', 30, 12, 38, 0, 11),
	(170, '  ', 30, 0, 11, 24, 2),
	(171, '  ', 30, 17, 12, 0, 12),
	(172, '  ', 31, 1, 1, 22, 11),
	(173, '  ', 31, 13, 9, 0, 0),
	(174, '  ', 31, 0, 1, 0, 0),
	(175, '  ', 31, 12, 1, 7, 9),
	(176, '  ', 31, 2, 0, 0, 0),
	(177, '  ', 31, 0, 0, 0, 2),
	(178, '  ', 33, 3, 0, 23, 0),
	(179, '  ', 33, 0, 16, 0, 5),
	(180, '  ', 33, 1, 0, 0, 0),
	(181, '  ', 32, 0, 0, 11, 0),
	(182, '  ', 33, 0, 2, 11, 10),
	(183, '  ', 33, 12, 0, 0, 12),
	(184, '  ', 33, 0, 0, 5, 0),
	(185, '  ', 32, 5, 12, 0, 0),
	(186, '  ', 32, 3, 12, 0, 0),
	(187, '  ', 32, 0, 0, 4, 10),
	(188, '  ', 32, 0, 12, 16, 6),
	(189, '  ', 34, 4, 12, 0, 29),
	(190, ' ', 34, 9, 0, 4, 4),
	(191, '  ', 34, 12, 24, 9, 0),
	(192, '   ', 34, 0, 5, 5, 13),
	(193, '   ', 34, 3, 12, 12, 2),
	(194, '  ', 34, 15, 15, 0, 0),
	(195, '  ', 35, 5, 23, 12, 20),
	(196, '  ', 35, 12, 0, 12, 0),
	(197, '  ', 35, 24, 12, 0, 6),
	(198, '  ', 35, 16, 0, 0, 12),
	(199, '  ', 35, 0, 0, 0, 30),
	(200, '  ', 35, 1, 0, 0, 0),
	(201, '  ', 36, 8, 12, 1, 0),
	(202, '  ', 36, 0, 3, 23, 18),
	(203, '  ', 36, 0, 0, 0, 0),
	(204, '  ', 36, 18, 0, 0, 12),
	(205, '  ', 36, 12, 18, 0, 1),
	(206, '  ', 36, 0, 0, 0, 7),
	(207, '  ', 37, 0, 16, 0, 0),
	(208, '  ', 37, 2, 0, 0, 0),
	(209, '  ', 37, 8, 0, 0, 0),
	(210, '  ', 37, 0, 4, 1, 0),
	(211, '  ', 37, 0, 0, 0, 9),
	(212, '  ', 37, 0, 0, 0, 0),
	(213, '  ', 38, 23, 8, 2, 11),
	(214, '', 38, 1, 12, 1, 0),
	(215, '  ', 38, 6, 12, 25, 1),
	(216, '  ', 40, 20, 0, 0, 1),
	(217, '  ', 40, 0, 0, 0, 12),
	(218, '  ', 40, 4, 0, 24, 12),
	(219, '  ', 40, 12, 37, 0, 0),
	(220, '  ', 40, 0, 12, 8, 12),
	(221, '  ', 40, 0, 19, 2, 34),
	(222, '  ', 39, 12, 18, 0, 13),
	(223, '  ', 39, 0, 20, 5, 29),
	(224, ' ', 39, 0, 0, 0, 0),
	(225, ' ', 39, 0, 9, 12, 0),
	(226, ' ', 39, 2, 0, 3, 10),
	(227, '  ', 39, 6, 0, 23, 0),
	(228, '  ', 41, 0, 0, 1, 11),
	(229, '  ', 41, 8, 0, 5, 0),
	(230, '  ', 41, 0, 12, 1, 12),
	(231, '  ', 41, 0, 2, 0, 4),
	(232, '  ', 41, 12, 20, 0, 12),
	(233, '  ', 41, 0, 0, 0, 1),
	(234, '  ', 41, 0, 0, 0, 0),
	(235, ' 8.1', 42, 0, 0, 0, 0),
	(236, ' 8.2', 42, 0, 0, 0, 0),
	(237, ' 8.3', 42, 0, 0, 0, 0),
	(238, ' 8.4', 42, 0, 0, 0, 0),
	(239, ' 8.5', 42, 0, 0, 0, 0),
	(240, ' 8.6', 42, 0, 0, 0, 0),
	(241, '   ', 43, 38, 0, 8, 0),
	(242, '  ', 43, 0, 12, 23, 2),
	(243, '  ', 43, 0, 0, 12, 11),
	(244, '  ', 43, 0, 0, 0, 5),
	(245, '  ', 43, 22, 4, 12, 0),
	(246, '  ', 43, 0, 48, 0, 0),
	(247, '  ', 44, 0, 0, 1, 0),
	(248, '  ', 44, 1, 0, 0, 0),
	(249, '  ', 44, 1, 0, 0, 1),
	(250, '  ', 44, 1, 0, 2, 0),
	(251, '  ', 44, 4, 1, 2, 0),
	(252, '  ', 45, 0, 12, 1, 0),
	(253, '  ', 45, 0, 0, 0, 10),
	(254, '  ', 45, 0, 1, 4, 0),
	(255, '  ', 45, 7, 8, 0, 0),
	(256, '  ', 45, 20, 0, 0, 1),
	(257, '  ', 46, 2, 12, 0, 1),
	(258, '  ', 46, 0, 1, 2, 0),
	(259, '  ', 46, 1, 0, 0, 0),
	(260, '  ', 46, 9, 0, 11, 0),
	(261, '  ', 46, 2, 13, 0, 15),
	(262, '  ', 46, 0, 0, 0, 13),
	(263, '  ', 47, 21, 0, 0, 17),
	(264, '  ', 47, 12, 12, 12, 5),
	(265, '  ', 47, 0, 16, 0, 12),
	(266, '  ', 47, 1, 12, 10, 11),
	(267, '  ', 47, 11, 0, 0, 0),
	(268, '  ', 47, 23, 0, 0, 12),
	(269, '  ', 48, 0, 13, 0, 10),
	(270, '  ', 48, 18, 0, 0, 13),
	(271, '  ', 48, 17, 0, 0, 0),
	(272, '  ', 48, 0, 0, 1, 0),
	(273, '  ', 48, 0, 12, 13, 3),
	(274, '  ', 48, 12, 1, 12, 4),
	(275, '  ', 49, 22, 0, 6, 0),
	(276, '  ', 49, 18, 0, 0, 0),
	(277, '  ', 49, 16, 0, 0, 2),
	(278, '  ', 49, 0, 0, 0, 0),
	(279, '  ', 49, 24, 48, 12, 36),
	(280, '  ', 49, 5, 2, 12, 10),
	(281, '  ', 50, 6, 0, 8, 12),
	(282, '  ', 50, 12, 8, 12, 5),
	(283, '  ', 50, 3, 12, 4, 6),
	(284, '  ', 50, 0, 4, 0, 0),
	(285, '  ', 50, 12, 0, 1, 5),
	(286, '  ', 50, 0, 0, 0, 0),
	(287, '  ', 51, 59, 12, 0, 31),
	(288, '  ', 51, 0, 60, 0, 24),
	(289, '  ', 51, 12, 0, 36, 12),
	(290, '  ', 51, 11, 0, 0, 0),
	(291, '  ', 51, 0, 0, 0, 0),
	(292, ' 10.1', 52, 0, 0, 0, 0),
	(293, ' 10.2', 52, 0, 0, 0, 0),
	(294, ' 10.3', 52, 0, 0, 0, 0),
	(295, ' 10.4', 52, 0, 0, 0, 0),
	(296, ' 10.5', 52, 0, 0, 0, 0),
	(297, ' 10.6', 52, 0, 0, 0, 0);
/*!40000 ALTER TABLE `players` ENABLE KEYS */;

-- Dumping structure for table sozopol.teams
CREATE TABLE IF NOT EXISTS `teams` (
  `id` int(11) NOT NULL AUTO_INCREMENT,
  `name` varchar(255) DEFAULT NULL,
  `school` varchar(255) DEFAULT NULL,
  `competition_id` int(11) NOT NULL,
  `points` int(11) DEFAULT '0',
  `point_difference` int(11) DEFAULT '0',
  PRIMARY KEY (`id`),
  UNIQUE KEY `name` (`name`),
  KEY `competition_id` (`competition_id`),
  CONSTRAINT `teams_ibfk_1` FOREIGN KEY (`competition_id`) REFERENCES `competitions` (`id`)
) ENGINE=InnoDB AUTO_INCREMENT=53 DEFAULT CHARSET=utf8;

-- Dumping data for table sozopol.teams: ~52 rows (approximately)
/*!40000 ALTER TABLE `teams` DISABLE KEYS */;
INSERT INTO `teams` (`id`, `name`, `school`, `competition_id`, `points`, `point_difference`) VALUES
	(1, ' 7_1', '', 1, 6, 64),
	(2, ' 7_2', '', 1, 6, 94),
	(3, '', ' " .  " - ', 1, 8, 59),
	(4, '"" ', '', 1, 4, 112),
	(5, ' 7', '', 1, 4, -4),
	(6, ' 7', '', 1, 7, 85),
	(7, ' 7 - ', '', 1, 4, -32),
	(8, '128  - ', '128 ', 1, 2, -85),
	(9, '" "', ' ".  " ', 1, 0, -122),
	(10, ' 7-1 - The Waves', ' ', 1, 3, 5),
	(11, ' 7-2 - ', ' ', 1, 4, 10),
	(12, ' 7-3 - ', ' ', 1, 4, -75),
	(13, '217', '', 1, 4, -1),
	(14, ' 1', 'Hanoi star Secondary school - Ha Noi, Vit Nam', 1, 7, 71),
	(15, ' 2', 'Hanoi star Secondary school - Ha Noi, Vit Nam', 1, 4, 56),
	(16, '-1', ' ', 1, 4, -62),
	(17, '-2', ' ', 1, 2, -20),
	(18, '-3', ' ', 1, 2, -57),
	(19, ' 125 ', '125 ', 1, 2, -49),
	(20, ' 125 ', '125 ', 1, 6, 66),
	(21, ' 125 ', '125 ', 1, 3, -87),
	(22, ' 125 ', '125 ', 1, 2, -28),
	(23, ' 8_1', '', 2, 4, 20),
	(24, ' 8_2', '', 2, 3, -48),
	(25, ' 8_3 - ', '', 2, 4, 0),
	(26, ' 8_4', '', 2, 5, 12),
	(27, ' 8_5', '', 2, 2, -40),
	(28, ' 9_1 - ', '', 2, 6, 175),
	(29, ' 9_2 -     ', '', 2, 5, 38),
	(30, ' 9_3 - ', '', 2, 8, 118),
	(31, ' 9_4 - ', '', 2, 2, -72),
	(32, ' 8-3', ' ". . " - ', 2, 4, -48),
	(33, ' 8-2', ' ". . " - ', 2, 3, -73),
	(34, ' - ', '', 2, 5, 21),
	(35, '', '', 2, 6, 52),
	(36, '  8-9 ', '', 2, 4, -52),
	(37, ' 8-1 - ', ' ". . " - ', 2, 1, -112),
	(38, '--', '', 2, 2, -40),
	(39, ' 9-2', ' ". . " - ', 2, 4, -6),
	(40, ' 9-1', ' ". . " - ', 2, 7, 67),
	(41, ' 125', '125 ', 2, 5, 12),
	(42, '   (8-9 )', '', 2, -1, -24),
	(43, ' 10_1 - ', '', 3, 5, 83),
	(44, ' 10_2 -   ', '', 3, 2, -146),
	(45, ' 10_3', '', 3, 4, -50),
	(46, ' 10_4 -  420', '', 3, 3, -91),
	(47, ' 11_1', '', 3, 5, 42),
	(48, ' 11_2 -   ', '', 3, 4, 9),
	(49, '   ', ' ', 3, 6, 119),
	(50, '  10-12 ', '', 3, 3, -96),
	(51, ' + ', ' ', 3, 8, 152),
	(52, '   (10-12 )', '', 3, -1, -22);
/*!40000 ALTER TABLE `teams` ENABLE KEYS */;

/*!40101 SET SQL_MODE=IFNULL(@OLD_SQL_MODE, '') */;
/*!40014 SET FOREIGN_KEY_CHECKS=IF(@OLD_FOREIGN_KEY_CHECKS IS NULL, 1, @OLD_FOREIGN_KEY_CHECKS) */;
/*!40101 SET CHARACTER_SET_CLIENT=@OLD_CHARACTER_SET_CLIENT */;
